id,fname,mname,lname,email,phone,hiredate,active
,Lindy,Mathe,Santen,msanten0@goo.ne.jp,695-942-0523,3/17/2021,YES
,Even,Olympie,Esson,oesson1@tuttocitta.it,422-319-1955,6/17/2020,NO
,Cherice,Franz,Dudlestone,fdudlestone2@auda.org.au,230-702-3710,03/11/2021,YES
,Essa,Renate,Brushneen,rbrushneen3@livejournal.com,557-526-4486,8/17/2020,NO
,Dennet,Delano,Crame,dcrame4@scribd.com,206-132-7881,11/15/2020,NO
,Jorgan,Caitlin,Burgh,cburgh5@reference.com,777-759-3304,06/08/2020,NO
,Lorry,Benedetto,Flatt,bflatt6@apache.org,227-429-3366,04/06/2020,YES
,Eziechiele,Kristel,Grewar,kgrewar7@mac.com,221-316-2203,1/14/2021,NO
,Benetta,Cymbre,Mallatratt,cmallatratt8@artisteer.com,903-359-0845,11/02/2020,NO
,Adorne,Winnifred,Holsey,wholsey9@disqus.com,472-996-6938,5/13/2020,YES
,Angie,Tilly,Lote,tlotea@delicious.com,986-834-2198,12/18/2020,NO
,Farlie,Herby,Reschke,hreschkeb@mozilla.org,870-676-8054,03/02/2021,NO
,Mariel,Arlen,Flea,afleac@list-manage.com,538-239-6005,3/20/2021,NO
,Jenna,Hayley,McNabb,hmcnabbd@topsy.com,982-142-3011,6/28/2020,NO
,Cherri,Genni,Giorgini,ggiorginie@ovh.net,635-980-0792,4/27/2020,YES
,Barn,Roberto,Escalante,rescalantef@paypal.com,466-644-2377,08/02/2020,NO
,Dale,Erda,Rosling,eroslingg@clickbank.net,161-775-7373,6/13/2020,NO
,Clemmy,Katerina,Eble,kebleh@marketwatch.com,627-775-3288,12/27/2020,YES
,Cobbie,Tailor,Hulburt,thulburti@ezinearticles.com,744-638-5047,8/25/2020,NO
,Rodolphe,Fanchon,Pearson,fpearsonj@tripadvisor.com,440-266-5543,5/19/2020,NO
,Faber,Maribeth,Bretton,mbrettonk@theglobeandmail.com,968-663-5555,1/29/2021,YES
,Mohandis,Tiler,Skirling,tskirlingl@g.co,203-307-1033,03/10/2021,NO
,Isadore,Ford,Breinl,fbreinlm@irs.gov,305-304-7778,06/03/2020,YES
,Casandra,Lorin,McNelis,lmcnelisn@admin.ch,897-777-6785,12/14/2020,YES
,Padriac,Quinn,Ashurst,qashursto@auda.org.au,799-465-5161,5/29/2020,YES
,Janie,Renato,Genge,rgengep@netscape.com,361-124-4425,6/20/2020,YES
,Berty,Fidelio,Ruggiero,fruggieroq@wix.com,387-620-3453,09/08/2020,NO
,Priscella,Vincenty,Habbershon,vhabbershonr@princeton.edu,963-899-1951,3/20/2021,YES
,Bertie,Jojo,Gasken,jgaskens@microsoft.com,179-962-1901,11/22/2020,NO
,Camala,Marielle,Morgan,mmorgant@weibo.com,684-626-9628,9/26/2020,YES
,Dona,Randee,Patterfield,rpatterfieldu@twitpic.com,284-653-4030,09/01/2020,YES
,Ally,Gustave,Hearfield,ghearfieldv@xrea.com,330-263-5782,05/04/2020,NO
,Arabella,Cirillo,Andrelli,candrelliw@hostgator.com,323-174-5674,04/09/2020,YES
,Grazia,Sonya,O'Brien,sobrienx@taobao.com,869-497-4500,9/27/2020,YES
,Barbabas,Felike,Fullicks,ffullicksy@e-recht24.de,940-708-4002,02/02/2021,NO
,Amalie,Lazare,Shafto,lshaftoz@about.com,918-598-4965,5/20/2020,YES
,Sanderson,Michel,Gleave,mgleave10@weibo.com,995-362-9927,05/02/2020,NO
,Junette,Kirby,Grishaev,kgrishaev11@earthlink.net,742-472-5156,12/12/2020,YES
,Mikol,Vania,Waby,vwaby12@parallels.com,646-873-1795,4/25/2020,YES
,Cecily,Jakie,Darco,jdarco13@nih.gov,735-749-6301,8/28/2020,NO
,Casandra,Aubree,Maffey,amaffey14@redcross.org,368-104-9688,11/18/2020,YES
,Edna,Sidonnie,Reisenberg,sreisenberg15@businessweek.com,412-733-9384,05/09/2020,YES
,Siana,Verina,Hall,vhall16@seattletimes.com,883-125-5647,08/12/2020,NO
,Fionnula,Lynea,Annear,lannear17@jugem.jp,399-716-9607,1/21/2021,NO
,Bliss,Ursola,Dudley,ududley18@cafepress.com,946-604-2780,09/04/2020,YES
,Zeb,Diana,Alyutin,dalyutin19@free.fr,964-124-0299,9/22/2020,YES
,Daphne,Claudian,Banstead,cbanstead1a@dropbox.com,195-560-2990,10/10/2020,YES
,Tuckie,Hadrian,Gillhespy,hgillhespy1b@mac.com,420-610-5710,06/08/2020,NO
,Archibold,Donaugh,Cranny,dcranny1c@themeforest.net,762-644-9049,09/11/2020,YES
,Janka,Brand,Swanger,bswanger1d@cocolog-nifty.com,509-301-6465,02/12/2021,YES
,Ezekiel,Ingra,Mathwin,imathwin1e@cornell.edu,711-546-8272,01/07/2021,NO
,Bertha,Yetta,Licciardi,ylicciardi1f@wisc.edu,878-109-1272,02/02/2021,NO
,Ola,Maribelle,Bodiam,mbodiam1g@yolasite.com,778-664-8211,9/27/2020,YES
,Maximo,Faulkner,Seabert,fseabert1h@cisco.com,852-901-2873,09/09/2020,NO
,Sissy,Molly,McVicar,mmcvicar1i@theglobeandmail.com,164-267-3611,8/30/2020,YES
,Doralynne,Igor,Shrieve,ishrieve1j@google.ca,150-485-7006,12/06/2020,NO
,Trescha,Bram,Langthorne,blangthorne1k@woothemes.com,562-690-6158,10/04/2020,YES
,Jessika,Anthiathia,Essam,aessam1l@cam.ac.uk,573-407-2262,12/11/2020,YES
,Ronalda,Gloriana,Schoular,gschoular1m@twitter.com,431-847-3459,06/12/2020,YES
,Birk,Chet,Swigg,cswigg1n@reuters.com,756-665-4087,3/27/2021,YES
,Agustin,Germain,Readshall,greadshall1o@paypal.com,343-294-6296,10/27/2020,YES
,Ambrosius,Kipper,Lutman,klutman1p@posterous.com,150-714-0197,07/06/2020,NO
,Gaylord,Hope,Tiplady,htiplady1q@mlb.com,574-157-2159,10/19/2020,NO
,Archambault,Zacherie,Figg,zfigg1r@wsj.com,462-561-0767,8/18/2020,YES
,Angil,Elmira,Emmer,eemmer1s@howstuffworks.com,247-572-9259,9/17/2020,NO
,Henrieta,Ginny,Stockney,gstockney1t@soundcloud.com,985-504-8704,02/04/2021,NO
,Felicle,Chev,Snazle,csnazle1u@storify.com,119-919-2101,4/25/2020,NO
,Lambert,Filmer,Spere,fspere1v@tiny.cc,571-825-6705,11/10/2020,NO
,Hogan,Piper,Mylechreest,pmylechreest1w@jimdo.com,951-382-8228,4/27/2020,NO
,Norma,Gale,Vlahos,gvlahos1x@msu.edu,513-347-1078,5/27/2020,YES
,Kynthia,Jackqueline,Vennart,jvennart1y@intel.com,610-961-4810,6/16/2020,NO
,Leopold,Susann,Brameld,sbrameld1z@nbcnews.com,183-824-9008,2/15/2021,YES
,Martie,Costanza,Meckiff,cmeckiff20@so-net.ne.jp,192-279-5229,10/08/2020,NO
,Billy,Thibaud,Danielsson,tdanielsson21@wikispaces.com,693-330-6773,11/10/2020,YES
,Alexi,Francesca,Szachniewicz,fszachniewicz22@xing.com,995-598-8362,6/14/2020,NO
,Jarrid,Susannah,Mooring,smooring23@youtu.be,448-510-6288,02/11/2021,YES
,Laura,Laurel,Yves,lyves24@indiegogo.com,795-233-4748,08/06/2020,NO
,Phillida,Huey,Chinnock,hchinnock25@tiny.cc,718-498-4028,9/27/2020,YES
,Bartolemo,Bard,Rosling,brosling26@domainmarket.com,990-622-8301,3/15/2021,NO
,Mandy,Orelia,O'Heaney,ooheaney27@bloglines.com,707-979-7538,9/18/2020,YES
,Waverly,Jaquith,Stancer,jstancer28@liveinternet.ru,596-281-0758,12/13/2020,NO
,Neils,Sly,Sherwin,ssherwin29@booking.com,946-756-7521,7/15/2020,YES
,Nettle,Daffy,Walkingshaw,dwalkingshaw2a@unc.edu,970-115-7505,9/18/2020,YES
,Chicky,Terri,Fackney,tfackney2b@upenn.edu,892-411-8553,06/07/2020,YES
,Reta,Nick,Spoors,nspoors2c@bbc.co.uk,606-418-1205,10/15/2020,YES
,Charmian,Sukey,Incogna,sincogna2d@dyndns.org,244-253-9240,01/06/2021,NO
,Bax,Rebeca,Gehricke,rgehricke2e@virginia.edu,461-362-5885,7/25/2020,NO
,Brett,Gregg,Bevan,gbevan2f@over-blog.com,227-247-3731,3/16/2021,NO
,Verla,Antonia,Hanhardt,ahanhardt2g@bizjournals.com,946-876-9008,04/12/2020,YES
,Cloris,Abbey,Ostridge,aostridge2h@miitbeian.gov.cn,699-752-8810,5/21/2020,NO
,Enoch,Loreen,Lawland,llawland2i@goo.ne.jp,948-570-4286,10/31/2020,YES
,Bertina,Ches,Troy,ctroy2j@fc2.com,888-978-0118,8/14/2020,YES
,Ruddie,Barnett,Gynn,bgynn2k@mtv.com,693-797-7672,09/02/2020,NO
,Tyrone,Guinna,Van Arsdall,gvanarsdall2l@acquirethisname.com,974-654-0068,12/07/2020,YES
,Olin,Erika,Fairlem,efairlem2m@sphinn.com,162-790-3034,9/24/2020,YES
,Kellia,Ailina,Meaders,ameaders2n@posterous.com,798-430-8732,05/03/2020,YES
,Hendrick,Garrek,MacDiarmid,gmacdiarmid2o@phoca.cz,917-925-8246,09/02/2020,YES
,Ginger,Nevins,Crone,ncrone2p@addtoany.com,703-465-8901,4/19/2020,NO
,Gawain,Eudora,Kynaston,ekynaston2q@kickstarter.com,686-873-9450,11/07/2020,NO
,Bucky,Lavina,Noonan,lnoonan2r@goodreads.com,404-576-5667,04/07/2020,NO
,Ragnar,Olenka,Greet,ogreet2s@163.com,138-759-6211,11/01/2020,NO
,Angela,Colline,Guilford,cguilford2t@hud.gov,340-883-6135,09/02/2020,YES
,Chaim,Nicoli,Racher,nracher2u@pinterest.com,812-966-2211,8/16/2020,YES
,Faustine,Filmer,Sturzaker,fsturzaker2v@unesco.org,191-787-3389,8/30/2020,NO
,Bernadene,Waverley,Caulcutt,wcaulcutt2w@taobao.com,611-478-5301,01/01/2021,NO
,Arlene,Melinde,Alred,malred2x@tiny.cc,865-155-2674,7/16/2020,NO
,Aura,Chrysler,Bamford,cbamford2y@facebook.com,770-401-2509,01/12/2021,NO
,Marty,Hannie,Wingatt,hwingatt2z@hp.com,119-334-9062,5/27/2020,YES
,Consuelo,Olin,Tomasian,otomasian30@nps.gov,488-958-8741,11/21/2020,NO
,Thornie,Virgie,Schutze,vschutze31@kickstarter.com,147-386-3451,2/27/2021,YES
,Jarrett,Benedict,Spadollini,bspadollini32@barnesandnoble.com,770-695-3795,10/29/2020,NO
,Con,Marlane,Walkey,mwalkey33@nhs.uk,924-869-8419,03/10/2021,YES
,Marmaduke,Curran,Breeze,cbreeze34@oakley.com,536-593-0096,08/06/2020,YES
,Wilhelm,Ervin,Sleite,esleite35@eventbrite.com,746-948-3819,4/24/2020,YES
,Albert,Carmen,McIlvaney,cmcilvaney36@behance.net,126-512-3536,10/09/2020,NO
,Tara,Lanni,De Dantesie,ldedantesie37@jimdo.com,538-100-6299,04/10/2020,NO
,Adham,Audrey,Mufford,amufford38@4shared.com,781-376-4533,05/09/2020,NO
,Ramsey,Shaylynn,Widdowson,swiddowson39@imgur.com,489-140-5749,5/22/2020,YES
,Faunie,Fiorenze,Hawton,fhawton3a@xing.com,541-870-4029,3/29/2021,YES
,Erinn,Lisle,Borgars,lborgars3b@ucoz.ru,589-490-1589,8/24/2020,NO
,Stefan,Sile,Grayer,sgrayer3c@surveymonkey.com,179-394-5760,1/14/2021,YES
,Antonino,Donavon,Du Barry,ddubarry3d@simplemachines.org,129-952-7536,11/27/2020,NO
,Lane,Gilberto,Crosseland,gcrosseland3e@com.com,461-789-5178,04/08/2020,NO
,Becca,Cornela,Worledge,cworledge3f@homestead.com,395-348-5631,3/27/2021,NO
,Marge,Carling,Saldler,csaldler3g@lycos.com,418-193-4319,7/15/2020,YES
,Ewen,Tynan,Kynan,tkynan3h@is.gd,900-772-8243,10/15/2020,YES
,Sylas,Benedick,Farrall,bfarrall3i@si.edu,763-932-1008,4/29/2020,NO
,Trixie,Gus,Growcock,ggrowcock3j@aboutads.info,793-617-9629,9/30/2020,NO
,Michal,Gabbie,Kiera,gkiera3k@jalbum.net,110-841-8248,9/28/2020,YES
,Ilsa,Adler,Praton,apraton3l@cam.ac.uk,906-986-5347,11/05/2020,YES
,Milo,Norry,Warner,nwarner3m@buzzfeed.com,295-166-4716,8/30/2020,YES
,Irwinn,Eveleen,Rhodus,erhodus3n@pcworld.com,240-251-4377,10/14/2020,NO
,Lodovico,Haroun,Kither,hkither3o@dyndns.org,469-105-5953,02/10/2021,NO
,Maribel,Hinda,Hartropp,hhartropp3p@oaic.gov.au,502-918-8006,06/07/2020,NO
,Gareth,Leonore,Lyddy,llyddy3q@google.co.uk,321-572-5412,9/25/2020,YES
,Doe,Blaire,Whitechurch,bwhitechurch3r@imgur.com,550-316-2076,7/26/2020,YES
,Adolph,Douglass,Glede,dglede3s@nih.gov,130-984-1494,5/22/2020,YES
,Lizabeth,Akim,Cockman,acockman3t@uol.com.br,470-707-1457,7/19/2020,YES
,Steffane,Harmon,Gluyas,hgluyas3u@nih.gov,290-100-7368,6/16/2020,NO
,Sherm,Doug,Foxten,dfoxten3v@smugmug.com,864-666-7754,6/26/2020,YES
,Sinclair,Harri,Wickersley,hwickersley3w@themeforest.net,251-288-9335,03/10/2021,YES
,Krissie,Carolyn,Carn,ccarn3x@goodreads.com,122-591-3794,1/25/2021,NO
,Ilyssa,Clovis,Sibson,csibson3y@google.fr,366-751-3973,3/16/2021,NO
,Laurence,Mickey,Grove,mgrove3z@desdev.cn,524-437-5208,12/30/2020,NO
,Elane,Giana,Hardinge,ghardinge40@answers.com,925-789-2242,6/30/2020,NO
,Dionysus,Niels,Korb,nkorb41@aol.com,356-650-7250,2/26/2021,YES
,Rollie,Berny,Gumery,bgumery42@ihg.com,713-826-3021,03/03/2021,NO
,Pegeen,Blane,Staniford,bstaniford43@sogou.com,507-527-9785,4/15/2020,NO
,Schuyler,Dieter,Finnis,dfinnis44@networkadvertising.org,257-592-4673,02/12/2021,YES
,Fletch,Doretta,Asson,dasson45@mit.edu,271-182-5458,8/29/2020,YES
,Portia,Syman,Gorden,sgorden46@mail.ru,765-291-8661,04/12/2020,YES
,Megen,Zelig,Timson,ztimson47@nbcnews.com,617-772-8822,1/25/2021,NO
,Burch,Berget,Tocqueville,btocqueville48@vistaprint.com,702-565-0042,11/26/2020,NO
,Leigh,Ulrike,Benbow,ubenbow49@imdb.com,530-873-0976,5/14/2020,NO
,Athene,Jules,Joutapaitis,jjoutapaitis4a@msu.edu,751-704-7674,09/04/2020,NO
,Yank,Shae,Rupert,srupert4b@webs.com,598-878-7970,01/08/2021,NO
,Liv,Catlaina,Applewhite,capplewhite4c@purevolume.com,741-127-1725,12/29/2020,NO
,Timothy,Zachery,Filmer,zfilmer4d@cmu.edu,114-768-3176,12/25/2020,YES
,Adelind,Emmerich,MacShirrie,emacshirrie4e@cnn.com,469-665-3850,10/23/2020,YES
,Eyde,Giustina,O'Hagerty,gohagerty4f@fastcompany.com,592-769-2719,06/05/2020,YES
,Neysa,Morie,Glanders,mglanders4g@baidu.com,919-199-1549,3/27/2021,NO
,Winnah,Marge,Ravelus,mravelus4h@imageshack.us,318-250-5618,5/23/2020,NO
,Harlan,Herbert,Sallis,hsallis4i@1und1.de,529-443-2792,1/19/2021,YES
,Fergus,Alberto,Maplestone,amaplestone4j@hp.com,219-710-8503,9/18/2020,NO
,Wendel,Eveline,Stansfield,estansfield4k@apache.org,822-749-3873,6/26/2020,YES
,Berty,Ferdinande,Zavattero,fzavattero4l@bravesites.com,728-150-9501,9/16/2020,YES
,Baryram,Hortense,Garrad,hgarrad4m@themeforest.net,398-392-8978,12/20/2020,YES
,Celestina,Terrie,Brack,tbrack4n@earthlink.net,625-273-3232,05/11/2020,NO
,Dwight,Kial,Dudson,kdudson4o@photobucket.com,440-597-9575,11/13/2020,NO
,Stirling,Olivie,Busen,obusen4p@symantec.com,734-571-4955,05/01/2020,NO
,Kiley,Arvy,Coopland,acoopland4q@state.tx.us,420-337-0758,9/21/2020,YES
,Kriste,Rana,Ingleton,ringleton4r@cnbc.com,692-262-5503,9/14/2020,NO
,Hank,Gwendolin,Kitt,gkitt4s@goodreads.com,937-210-9989,3/16/2021,NO
,Langsdon,Myca,Kiendl,mkiendl4t@google.cn,615-679-5998,02/10/2021,YES
,Oren,Patience,Fickling,pfickling4u@wikipedia.org,331-227-1623,10/18/2020,NO
,Gerianna,Estell,Hanford,ehanford4v@ebay.com,306-930-0543,7/19/2020,YES
,Mercy,Calhoun,Krebs,ckrebs4w@discovery.com,773-302-4964,08/05/2020,NO
,Maitilde,Olympie,Antosch,oantosch4x@ehow.com,421-253-2566,6/19/2020,NO
,Illa,Deena,Balshaw,dbalshaw4y@wunderground.com,480-114-9325,03/10/2021,YES
,Ashlin,Ingaborg,Kyteley,ikyteley4z@aol.com,165-150-1548,04/11/2020,YES
,Jaymie,Petey,Cuer,pcuer50@altervista.org,398-251-7028,04/07/2020,YES
,Tiphanie,Roseann,Meco,rmeco51@ucsd.edu,653-203-8133,03/09/2021,NO
,Seth,Alia,Ianelli,aianelli52@auda.org.au,805-493-0689,11/26/2020,NO
,Cherie,Austin,Rigardeau,arigardeau53@cyberchimps.com,162-927-6760,09/04/2020,NO
,Consuelo,Juan,Sandwich,jsandwich54@i2i.jp,161-413-4383,01/09/2021,YES
,Stern,Janaye,Turfin,jturfin55@adobe.com,829-866-9432,10/28/2020,YES
,Gordy,Lorilyn,Perri,lperri56@furl.net,446-129-4380,01/01/2021,YES
,Elizabeth,Damita,Mullineux,dmullineux57@cafepress.com,768-232-0106,2/13/2021,NO
,Noble,Shea,Terris,sterris58@tmall.com,241-125-0361,4/23/2020,YES
,Cassandre,Thorstein,MacCaffery,tmaccaffery59@telegraph.co.uk,698-853-8755,09/04/2020,YES
,Marya,Herta,Zipsell,hzipsell5a@state.gov,105-737-8347,02/11/2021,YES
,Gal,Marylin,Philcock,mphilcock5b@tiny.cc,684-130-7386,11/08/2020,NO
,Emmye,Guillaume,Sprasen,gsprasen5c@cnbc.com,208-719-9880,2/14/2021,YES
,Ella,Fabian,Joerning,fjoerning5d@aol.com,301-889-4238,11/26/2020,YES
,Elbert,Rustin,Greep,rgreep5e@home.pl,321-144-8493,05/07/2020,NO
,Yorker,Bobbye,Guess,bguess5f@infoseek.co.jp,755-880-5340,12/11/2020,NO
,Elmo,Bev,Kynston,bkynston5g@pen.io,891-378-0371,02/11/2021,YES
,Tammie,Bethany,Whereat,bwhereat5h@cpanel.net,300-859-9802,4/24/2020,NO
,Vale,Alyse,McLaughlin,amclaughlin5i@wsj.com,914-607-3476,8/25/2020,NO
,Jessamyn,Winni,Colquyte,wcolquyte5j@ox.ac.uk,465-486-1588,10/08/2020,NO
,Janetta,Bonny,Mary,bmary5k@jalbum.net,749-462-1225,7/30/2020,YES
,Chaddie,Arlan,Gilhooly,agilhooly5l@adobe.com,440-736-0807,3/23/2021,NO
,Melicent,Hirsch,Cafferky,hcafferky5m@vinaora.com,996-765-3464,12/02/2020,YES
,Richmond,Charlotta,Lideard,clideard5n@t-online.de,684-849-3823,03/09/2021,NO
,Tina,Foss,Girardini,fgirardini5o@usa.gov,783-350-8511,7/22/2020,YES
,Zechariah,Dallis,Poag,dpoag5p@yahoo.com,581-534-7328,8/30/2020,YES
,Hermia,Yevette,Prescot,yprescot5q@adobe.com,537-353-1900,05/02/2020,NO
,Arne,Ryon,Mariyushkin,rmariyushkin5r@economist.com,209-462-5119,12/20/2020,NO
,Karna,Angeli,Kolis,akolis5s@berkeley.edu,548-209-7568,4/16/2020,YES
,Delia,Marj,Tomkowicz,mtomkowicz5t@ucsd.edu,952-135-6769,10/31/2020,NO
,Cherice,Delainey,Jurczak,djurczak5u@mlb.com,145-279-6246,3/30/2020,NO
,Thibaud,Alexei,Semour,asemour5v@artisteer.com,439-224-4173,9/13/2020,YES
,Salvidor,Josy,Witchard,jwitchard5w@usnews.com,484-616-8093,2/28/2021,YES
,Sibeal,Minny,Lindelof,mlindelof5x@eepurl.com,733-506-9171,8/27/2020,NO
,Gage,Benton,Plows,bplows5y@skype.com,969-685-8203,1/13/2021,YES
,Allyce,Filip,Rennebach,frennebach5z@bandcamp.com,471-192-1736,10/04/2020,YES
,Karalynn,Tersina,Jarrad,tjarrad60@shinystat.com,240-621-0867,08/10/2020,NO
,Mellicent,Wheeler,Faunch,wfaunch61@ed.gov,687-147-8854,3/31/2020,YES
,Deina,Rhoda,Arkley,rarkley62@cdbaby.com,837-916-5674,1/18/2021,NO
,Lise,Mavis,Rousby,mrousby63@friendfeed.com,514-944-4377,07/02/2020,NO
,Nancie,Corty,Duddell,cduddell64@xing.com,117-498-6824,4/30/2020,YES
,Ortensia,Gearard,Findlater,gfindlater65@nifty.com,103-565-1004,3/28/2021,NO
,Adelbert,Addia,Annell,aannell66@boston.com,453-823-7286,04/12/2020,YES
,Torin,Jake,Zaple,jzaple67@bloglines.com,135-736-2273,11/25/2020,NO
,Fancie,Bonny,Heephy,bheephy68@walmart.com,318-331-1667,2/27/2021,NO
,Beitris,Britney,Penzer,bpenzer69@cdc.gov,207-607-4562,01/10/2021,YES
,Felicity,Emelina,Burford,eburford6a@omniture.com,641-988-1925,5/21/2020,YES
,Jamaal,Moishe,Millberg,mmillberg6b@ezinearticles.com,159-215-8818,5/30/2020,YES
,Olenolin,Zachery,MacMurray,zmacmurray6c@yelp.com,630-288-4694,12/29/2020,NO
,Lona,Elberta,Pitone,epitone6d@opera.com,495-183-1236,05/01/2020,NO
,Chelsea,Royce,Busse,rbusse6e@vk.com,235-725-7830,03/12/2021,YES
,Noby,Cornall,Leber,cleber6f@miitbeian.gov.cn,823-376-2980,7/26/2020,YES
,Bree,Sisile,Huckabe,shuckabe6g@pagesperso-orange.fr,687-972-6412,07/04/2020,YES
,Leshia,Ely,Coffee,ecoffee6h@nationalgeographic.com,471-680-7861,04/03/2020,YES
,Bradney,Jamal,Orrobin,jorrobin6i@dell.com,737-729-2489,05/04/2020,YES
,Glynda,Willow,Geillier,wgeillier6j@deliciousdays.com,127-218-8572,10/02/2020,NO
,Coralyn,Grethel,Conkay,gconkay6k@answers.com,861-280-1496,10/01/2020,NO
,Jori,Tabbi,Brumpton,tbrumpton6l@wikispaces.com,720-861-2787,01/02/2021,YES
,Audre,Samuele,Jeffcoate,sjeffcoate6m@odnoklassniki.ru,906-722-6221,11/02/2020,YES
,Aline,Chloe,Jeannon,cjeannon6n@soup.io,930-172-3939,05/05/2020,NO
,Cory,Ricki,Todaro,rtodaro6o@ebay.com,507-549-3907,6/21/2020,YES
,Randie,Garvy,Heminsley,gheminsley6p@51.la,680-352-0616,09/05/2020,NO
,Florian,Edy,Esome,eesome6q@zdnet.com,732-373-8730,01/04/2021,YES
,Liane,Sebastiano,Schust,sschust6r@house.gov,276-965-5089,8/19/2020,NO
,Annabal,Mela,Buttriss,mbuttriss6s@is.gd,527-955-5311,12/07/2020,NO
,Valaree,Viole,Cornier,vcornier6t@yelp.com,478-875-7777,12/21/2020,NO
,Agretha,Phil,Ramsden,pramsden6u@joomla.org,718-100-1293,02/02/2021,YES
,Fina,Arlina,Ayre,aayre6v@cocolog-nifty.com,529-205-9832,05/04/2020,NO
,Tammi,Marla,Bortoletti,mbortoletti6w@bigcartel.com,117-806-5857,01/03/2021,YES
,Mellisent,Blake,Pryce,bpryce6x@google.co.jp,789-775-5558,5/14/2020,NO
,Esra,Trix,Betton,tbetton6y@state.tx.us,634-664-5221,7/13/2020,YES
,Jesus,Ches,Fendley,cfendley6z@mit.edu,450-370-4941,10/04/2020,NO
,Matilda,Carr,Barents,cbarents70@msu.edu,109-155-1721,05/09/2020,NO
,Albrecht,Mirabella,Luckin,mluckin71@howstuffworks.com,984-383-8086,9/13/2020,NO
,Vanya,Levin,Wink,lwink72@tripod.com,254-131-0429,2/19/2021,NO
,Shannan,Joanne,Gozzett,jgozzett73@ow.ly,110-451-6898,07/06/2020,NO
,Crista,Umberto,Healks,uhealks74@comsenz.com,584-332-9749,3/22/2021,NO
,Waldemar,Joel,Lysaght,jlysaght75@unesco.org,932-824-2656,3/31/2020,NO
,Greta,Normy,Renne,nrenne76@yahoo.com,963-120-9796,9/29/2020,YES
,Kendal,Boycie,Degli Antoni,bdegliantoni77@usgs.gov,622-977-6372,6/24/2020,YES
,Allister,Linette,Petrelli,lpetrelli78@odnoklassniki.ru,101-369-7664,9/19/2020,NO
,Myrtie,Gabriel,Dowsing,gdowsing79@naver.com,966-351-4778,7/26/2020,NO
,Amelina,Jemie,Botton,jbotton7a@weebly.com,205-680-6341,06/09/2020,YES
,Philly,Leena,Whild,lwhild7b@reddit.com,391-377-6098,4/27/2020,NO
,Annice,Hank,Dorber,hdorber7c@thetimes.co.uk,327-714-6818,05/11/2020,YES
,Durward,Rafa,Schach,rschach7d@msn.com,282-796-9228,8/21/2020,YES
,Bree,Constantine,Scotchmur,cscotchmur7e@cnbc.com,652-820-3052,3/28/2021,YES
,Benedick,Aurora,Ebbens,aebbens7f@multiply.com,770-827-9589,11/15/2020,YES
,Roddie,Odelle,Swidenbank,oswidenbank7g@jalbum.net,224-951-3185,4/20/2020,NO
,Eldredge,Marty,Tasseler,mtasseler7h@studiopress.com,489-914-8872,12/04/2020,YES
,Vladamir,Wynn,Leeuwerink,wleeuwerink7i@mayoclinic.com,534-926-1668,9/19/2020,YES
,Ursola,Shay,Murdy,smurdy7j@epa.gov,621-411-0771,10/04/2020,YES
,Kristoffer,Jesse,Jolin,jjolin7k@java.com,413-683-9841,5/23/2020,NO
,Marv,Cirillo,Deverson,cdeverson7l@booking.com,674-844-3335,10/03/2020,YES
,Tasha,Eveline,McTurlough,emcturlough7m@china.com.cn,483-672-9601,09/08/2020,YES
,Flint,Grazia,Tortoise,gtortoise7n@dropbox.com,144-698-7713,3/22/2021,YES
,Lind,Kipper,Tampion,ktampion7o@dot.gov,948-263-5733,02/03/2021,NO
,Philipa,Carmon,West,cwest7p@dmoz.org,425-571-7058,08/01/2020,YES
,Kean,Jenelle,Hoggetts,jhoggetts7q@go.com,273-471-6508,11/26/2020,YES
,Heindrick,Nanci,Palley,npalley7r@goo.ne.jp,328-472-2065,8/18/2020,NO
,Pietrek,Ramsey,Woodyeare,rwoodyeare7s@1und1.de,100-801-7004,12/12/2020,NO
,Twila,Elmer,Jiracek,ejiracek7t@mozilla.com,110-948-0499,8/25/2020,NO
,Millisent,Linell,Serrier,lserrier7u@comcast.net,378-109-0554,12/26/2020,YES
,Creighton,Haily,Danielski,hdanielski7v@engadget.com,784-849-3203,7/20/2020,NO
,Haily,Odilia,Akerman,oakerman7w@fema.gov,190-245-1618,10/26/2020,YES
,Neils,Francisco,Huband,fhuband7x@fda.gov,981-662-7318,7/24/2020,YES
,Martainn,Jacqueline,Brashaw,jbrashaw7y@theguardian.com,873-834-0014,4/13/2020,NO
,Daphna,Emelen,Seabrook,eseabrook7z@amazonaws.com,392-603-9849,12/23/2020,NO
,Sally,Mildred,Calverd,mcalverd80@multiply.com,854-992-8079,09/02/2020,YES
,Justus,Itch,Kordas,ikordas81@indiatimes.com,232-712-9432,11/21/2020,NO
,Julienne,Glennie,Castro,gcastro82@histats.com,329-828-6034,7/17/2020,NO
,Livvie,Lenka,Baurerich,lbaurerich83@free.fr,916-375-5330,07/02/2020,NO
,Hervey,Vance,Exley,vexley84@alibaba.com,383-510-1001,04/04/2020,NO
,Chelsy,Gwenny,Tant,gtant85@webnode.com,838-912-1760,12/12/2020,YES
,Major,Rebecca,Manderson,rmanderson86@storify.com,902-630-0864,2/21/2021,YES
,Hermia,Philbert,Aldgate,paldgate87@acquirethisname.com,860-940-8352,7/24/2020,YES
,Margaretta,Sawyer,Sturte,ssturte88@gravatar.com,933-620-0181,09/07/2020,NO
,Shep,Svend,Goldby,sgoldby89@earthlink.net,499-189-4796,12/21/2020,YES
,Lamond,Jacinta,Lead,jlead8a@npr.org,239-464-0557,12/02/2020,YES
,Suzanne,Katie,Balleine,kballeine8b@blogtalkradio.com,873-461-2816,2/13/2021,NO
,Shayla,Ranna,Connett,rconnett8c@dropbox.com,175-523-5927,01/03/2021,NO
,Marve,Nicolle,Trenam,ntrenam8d@rediff.com,991-934-1695,11/12/2020,YES
,Bernadette,Leigh,Jude,ljude8e@engadget.com,992-770-0332,4/27/2020,YES
,Trevar,Saudra,Gilliatt,sgilliatt8f@loc.gov,119-724-6616,10/22/2020,NO
,Bryana,Tiertza,Morhall,tmorhall8g@ocn.ne.jp,502-320-1772,12/20/2020,YES
,Rhona,Janine,Flewan,jflewan8h@blinklist.com,316-826-7919,03/05/2021,YES
,Jan,Codi,Ramm,cramm8i@google.nl,593-847-9791,4/22/2020,NO
,Lexie,Rance,Blacksell,rblacksell8j@hp.com,995-732-8885,2/13/2021,NO
,May,Frederique,Ondrak,fondrak8k@shutterfly.com,697-373-0851,03/12/2021,YES
,Andeee,Hendrik,McNellis,hmcnellis8l@storify.com,368-599-8428,03/02/2021,NO
,Melisent,Annabal,MacRory,amacrory8m@storify.com,898-548-1244,2/13/2021,NO
,Donny,Nicoline,Kohen,nkohen8n@amazonaws.com,775-667-2294,01/01/2021,NO
,Kaylyn,Debera,Bromley,dbromley8o@disqus.com,330-931-3500,6/20/2020,YES
,Fanni,Gale,Bushby,gbushby8p@e-recht24.de,814-880-4781,04/01/2020,NO
,Ange,Sarajane,Goodbarr,sgoodbarr8q@comcast.net,673-526-6995,01/04/2021,YES
,Bernarr,Kathy,Howel,khowel8r@csmonitor.com,190-805-0982,08/12/2020,NO
,Caril,Keriann,Hamer,khamer8s@apache.org,140-983-4124,10/17/2020,YES
,Edith,Wake,Greenset,wgreenset8t@printfriendly.com,815-479-6763,04/12/2020,NO
,Ula,Darcee,Janjic,djanjic8u@vistaprint.com,759-903-2126,05/09/2020,NO
,Bastian,Allan,Smeed,asmeed8v@cocolog-nifty.com,745-844-8166,8/30/2020,YES
,Stacie,Sandor,Mundee,smundee8w@china.com.cn,689-248-7127,12/16/2020,NO
,Charil,Allard,Grover,agrover8x@creativecommons.org,292-293-3870,05/06/2020,YES
,Ardisj,Velvet,Benedite,vbenedite8y@discuz.net,178-194-8597,09/05/2020,YES
,Ernest,Helge,Driver,hdriver8z@technorati.com,214-759-7762,5/26/2020,NO
,Roxane,Sean,Vanshin,svanshin90@cmu.edu,886-237-6035,08/12/2020,NO
,Bruce,Sheeree,Alexandersson,salexandersson91@biblegateway.com,209-592-8051,11/26/2020,NO
,Aidan,Dre,Barttrum,dbarttrum92@slideshare.net,579-833-9505,12/26/2020,YES
,Winny,Natalee,Lakin,nlakin93@ovh.net,599-212-4685,05/03/2020,NO
,Johanna,Skippy,Penton,spenton94@sogou.com,736-532-9746,11/02/2020,NO
,Lona,Marline,Hum,mhum95@weibo.com,179-232-3551,3/28/2021,NO
,Elberta,Brigitta,Rollingson,brollingson96@scientificamerican.com,617-877-1182,01/06/2021,YES
,Celinka,Burty,Wade,bwade97@rakuten.co.jp,606-452-3373,07/08/2020,YES
,Teresa,Kiele,Trevers,ktrevers98@gizmodo.com,617-450-3253,4/16/2020,YES
,Brandtr,Monica,Northcott,mnorthcott99@uiuc.edu,893-297-4258,6/14/2020,YES
,Dede,Dalila,Burkill,dburkill9a@hc360.com,555-713-1671,11/26/2020,YES
,Rebe,Zonda,Bellie,zbellie9b@amazon.co.jp,926-100-5418,7/24/2020,YES
,Paxon,Chryste,Havis,chavis9c@xrea.com,234-301-0044,10/26/2020,YES
,Whit,Steve,Freeland,sfreeland9d@umich.edu,950-197-4207,06/03/2020,NO
,Evyn,Ram,Lambie,rlambie9e@dmoz.org,627-181-4237,10/30/2020,YES
,Faythe,Leshia,Goulden,lgoulden9f@phpbb.com,862-961-4302,8/28/2020,YES
,Joachim,Zebedee,Dobbison,zdobbison9g@wiley.com,488-450-3353,11/03/2020,NO
,Geordie,Ninette,Kermath,nkermath9h@pbs.org,877-335-5577,8/30/2020,YES
,Mirabel,Haskell,McKenny,hmckenny9i@unc.edu,114-586-0871,10/21/2020,YES
,Giacinta,Fanchon,Erswell,ferswell9j@imageshack.us,950-642-9684,11/22/2020,YES
,Mata,Merridie,Lindsay,mlindsay9k@devhub.com,284-942-8771,03/02/2021,YES
,Birgit,Dinny,Mileham,dmileham9l@mit.edu,687-869-4683,05/12/2020,NO
,Bear,Kleon,Dinnage,kdinnage9m@scribd.com,648-239-0315,9/13/2020,NO
,Dorisa,Nicholas,Skeene,nskeene9n@ca.gov,849-579-2639,12/08/2020,NO
,Dollie,Kippy,Josuweit,kjosuweit9o@oracle.com,465-382-9821,11/12/2020,NO
,Broderick,Sandye,Goligher,sgoligher9p@pen.io,968-702-1724,11/21/2020,NO
,Cami,Ophelia,Gaydon,ogaydon9q@myspace.com,812-652-7820,10/31/2020,YES
,Paxon,Cletis,Fifoot,cfifoot9r@webeden.co.uk,130-304-6147,4/16/2020,YES
,Latisha,Herby,Akroyd,hakroyd9s@apache.org,868-430-1743,9/26/2020,NO
,Laurel,Doria,McMenamin,dmcmenamin9t@google.com.hk,106-465-1333,1/26/2021,YES
,Gretal,Gretel,Tomson,gtomson9u@businessinsider.com,746-874-1439,10/31/2020,NO
,Mira,Joycelin,Bladen,jbladen9v@walmart.com,486-814-2347,08/07/2020,NO
,Tim,Alano,Mansell,amansell9w@guardian.co.uk,891-953-1923,08/02/2020,YES
,Jocko,Wendye,Saill,wsaill9x@bloglovin.com,407-451-1085,09/11/2020,NO
,Bobette,Glynda,Loffhead,gloffhead9y@ucoz.ru,963-186-0950,6/13/2020,YES
,Peg,Burr,McKearnen,bmckearnen9z@tiny.cc,361-977-0757,02/02/2021,NO
,Teodorico,Fulvia,Scamal,fscamala0@gmpg.org,942-495-7758,7/30/2020,YES
,Adara,Wheeler,De Ferraris,wdeferrarisa1@altervista.org,275-805-0515,06/09/2020,NO
,Alvinia,Hyman,Cahani,hcahania2@indiatimes.com,788-791-9635,10/07/2020,NO
,Nikolai,Anne-marie,Rutty,aruttya3@eepurl.com,336-435-3971,12/11/2020,YES
,Kalina,Nate,Algar,nalgara4@newsvine.com,185-536-1095,8/20/2020,YES
,Orren,Ulberto,Shawcross,ushawcrossa5@geocities.jp,447-607-5696,4/22/2020,NO
,Giordano,Madelena,Tortice,mtorticea6@fastcompany.com,412-658-7293,9/17/2020,YES
,Marj,Earvin,Kemitt,ekemitta7@clickbank.net,476-400-2968,3/14/2021,YES
,Daron,Larry,MacGiolla,lmacgiollaa8@squidoo.com,360-997-9385,07/05/2020,YES
,Valery,Roxine,Cumbridge,rcumbridgea9@theguardian.com,566-380-1446,09/02/2020,YES
,Wendie,Reiko,Faithfull,rfaithfullaa@lycos.com,756-937-4353,08/06/2020,YES
,Shannen,Felita,Lagen,flagenab@abc.net.au,352-558-9856,8/21/2020,YES
,Cyndi,Manfred,Taffurelli,mtaffurelliac@nbcnews.com,486-393-3916,1/15/2021,NO
,Rivy,Rosalinda,Royce,rroycead@discovery.com,694-863-4437,5/19/2020,YES
,Jarvis,Catarina,Soames,csoamesae@netvibes.com,898-344-0514,8/15/2020,NO
,Simone,Candi,Camili,ccamiliaf@pcworld.com,593-204-2123,1/27/2021,NO
,Coreen,Florette,Matisoff,fmatisoffag@unesco.org,645-826-4457,02/02/2021,YES
,Morganica,Othello,Fayers,ofayersah@ibm.com,133-349-6405,12/17/2020,YES
,Christel,Charissa,Donnelly,cdonnellyai@nba.com,586-980-1436,12/20/2020,NO
,Georgina,Rodi,Abramamov,rabramamovaj@wiley.com,636-781-5758,8/30/2020,NO
,Rosanne,Dietrich,Palffrey,dpalffreyak@wikipedia.org,711-319-9437,02/02/2021,YES
,Arney,Seward,Crone,scroneal@ycombinator.com,526-624-1189,2/20/2021,NO
,Cesya,Ivory,Eplate,ieplateam@canalblog.com,129-449-0957,8/25/2020,YES
,Marley,Bree,Pischof,bpischofan@uiuc.edu,798-210-9339,11/17/2020,NO
,Otes,Brigit,Falco,bfalcoao@howstuffworks.com,775-531-9319,11/03/2020,YES
,Ernie,Sarah,Neasam,sneasamap@census.gov,812-210-3833,8/27/2020,YES
,Juliette,Mendie,Odger,modgeraq@geocities.jp,483-267-2226,5/29/2020,NO
,George,Sarah,Denk,sdenkar@edublogs.org,399-688-5975,06/09/2020,YES
,Barnebas,Isobel,Pallent,ipallentas@amazon.co.uk,754-744-5093,12/19/2020,YES
,Orel,Prudence,Borsay,pborsayat@unc.edu,617-546-0009,12/22/2020,YES
,Foster,Blaine,Cristofanini,bcristofaniniau@dot.gov,455-743-9768,7/17/2020,NO
,Doug,Rube,Gatchel,rgatchelav@imdb.com,804-626-5411,10/31/2020,NO
,Charlene,Finley,Gebhardt,fgebhardtaw@booking.com,861-374-2281,03/05/2021,NO
,Winslow,Peder,Haestier,phaestierax@live.com,135-836-4656,4/30/2020,NO
,Suzette,Tanitansy,Le Cornu,tlecornuay@nasa.gov,637-844-1834,06/07/2020,YES
,Ondrea,Nestor,Tumbridge,ntumbridgeaz@bloomberg.com,632-483-4412,03/11/2021,NO
,Clara,Mandy,Skill,mskillb0@issuu.com,211-156-5671,12/01/2020,NO
,Noni,Bernice,Shand,bshandb1@msu.edu,814-807-8450,1/26/2021,YES
,Annabelle,Emile,Millthorpe,emillthorpeb2@newsvine.com,708-934-7396,01/04/2021,YES
,Alejoa,Marika,Berick,mberickb3@dagondesign.com,376-783-9683,01/02/2021,NO
,Nickolas,Alexandros,Mattiassi,amattiassib4@mtv.com,550-480-6956,6/20/2020,NO
,Agneta,Lana,Buxam,lbuxamb5@disqus.com,655-292-3346,3/26/2021,NO
,Luigi,Delcine,Roarty,droartyb6@pbs.org,440-975-4268,8/31/2020,NO
,Marchelle,Tiffanie,Eddow,teddowb7@bloomberg.com,309-699-7635,08/08/2020,YES
,Dav,Binnie,Keller,bkellerb8@skyrock.com,309-115-7351,1/13/2021,NO
,Alberto,Wheeler,Ricciardello,wricciardellob9@howstuffworks.com,526-698-0306,1/17/2021,NO
,Chelsy,Benedicta,Peterkin,bpeterkinba@vkontakte.ru,363-434-7970,06/08/2020,NO
,Bettye,Ariella,Botterell,abotterellbb@theglobeandmail.com,720-478-9613,11/07/2020,YES
,Lorelei,Meryl,Mullaly,mmullalybc@uiuc.edu,631-751-5122,7/15/2020,YES
,Grier,Ruben,Woan,rwoanbd@discovery.com,905-210-3131,6/14/2020,NO
,Edan,Edyth,Yanyushkin,eyanyushkinbe@epa.gov,197-336-8183,01/03/2021,YES
,Toinette,Silas,Olensby,solensbybf@usatoday.com,603-426-6585,12/03/2020,YES
,Tana,Sanson,Grabiec,sgrabiecbg@purevolume.com,585-663-1469,9/17/2020,YES
,Lenee,Rosanna,Trowill,rtrowillbh@is.gd,682-749-7218,06/08/2020,NO
,Anthia,Adolphus,Topling,atoplingbi@php.net,557-422-0795,09/02/2020,NO
,Donny,Romain,Capoun,rcapounbj@bloglovin.com,710-781-6403,8/25/2020,YES
,Murielle,Wallie,Youings,wyouingsbk@bluehost.com,646-474-1536,8/20/2020,YES
,Massimo,Salomi,Penright,spenrightbl@flavors.me,841-470-1334,08/07/2020,NO
,Britteny,Joete,Earie,jeariebm@mayoclinic.com,751-198-4681,11/07/2020,YES
,Hillie,Bowie,Stranger,bstrangerbn@noaa.gov,109-741-2857,01/07/2021,NO
,Lonna,Lita,Ritchard,lritchardbo@omniture.com,462-721-2340,12/29/2020,NO
,Randie,Kathlin,Hamberston,khamberstonbp@wisc.edu,984-656-9404,11/06/2020,NO
,Mabel,Georgeanne,Van Oord,gvanoordbq@skyrock.com,826-939-4551,2/14/2021,YES
,Anetta,Johannes,Rhucroft,jrhucroftbr@google.co.jp,111-194-9297,04/12/2020,NO
,Hilliard,Hilda,Raselles,hrasellesbs@sitemeter.com,107-881-0049,09/12/2020,NO
,Sidney,Hobart,Hallstone,hhallstonebt@taobao.com,383-763-4497,12/28/2020,NO
,Sephira,Ingaberg,Richie,irichiebu@xrea.com,799-311-5438,3/17/2021,YES
,Brien,Izzy,Lorrimer,ilorrimerbv@harvard.edu,489-549-8793,6/21/2020,YES
,Neall,Vilhelmina,Thorbon,vthorbonbw@yellowpages.com,249-371-1887,11/29/2020,YES
,Birdie,Mayne,Doig,mdoigbx@squarespace.com,760-883-6619,12/27/2020,YES
,Cindee,Aileen,Brantzen,abrantzenby@walmart.com,177-932-8875,12/05/2020,YES
,Ericka,Ryley,Shark,rsharkbz@nyu.edu,494-217-0419,11/05/2020,YES
,Ree,Wendye,Perl,wperlc0@mediafire.com,993-769-4299,11/20/2020,YES
,Hanny,Jamesy,Larive,jlarivec1@twitpic.com,536-123-8135,03/12/2021,YES
,Bucky,Tabbitha,Leefe,tleefec2@buzzfeed.com,812-228-6013,10/23/2020,NO
,Avram,Trudey,Duham,tduhamc3@archive.org,403-539-7361,11/13/2020,YES
,Heall,Tana,Bridgewater,tbridgewaterc4@wordpress.org,260-426-7092,07/12/2020,NO
,Red,Marrissa,Gilstin,mgilstinc5@cbslocal.com,681-376-5700,9/29/2020,NO
,Andromache,Lucho,Millin,lmillinc6@kickstarter.com,232-681-1989,2/21/2021,NO
,Haleigh,Tedmund,Coventon,tcoventonc7@baidu.com,606-585-5004,10/07/2020,NO
,Gerty,Ninnette,Mathiasen,nmathiasenc8@auda.org.au,669-816-1314,05/07/2020,YES
,Dudley,My,Cakebread,mcakebreadc9@washington.edu,639-800-2351,3/27/2021,NO
,Zorana,Raymond,Brownsmith,rbrownsmithca@msn.com,273-651-1020,5/21/2020,NO
,Ingeberg,Findley,Lalevee,flaleveecb@t.co,857-591-0306,7/15/2020,NO
,Gaspard,Brod,Bertouloume,bbertouloumecc@va.gov,766-111-6817,06/07/2020,YES
,Bale,Rosanne,Poyner,rpoynercd@163.com,164-929-5324,2/20/2021,YES
,Lannie,Tedi,Geard,tgeardce@dion.ne.jp,557-337-6672,4/15/2020,YES
,Erwin,Erin,Donald,edonaldcf@imdb.com,512-622-4473,10/07/2020,NO
,Kelcy,Dionne,Gier,dgiercg@usnews.com,373-190-9809,9/30/2020,YES
,Carlee,Danya,Colleck,dcolleckch@bloomberg.com,559-948-8974,1/28/2021,YES
,Ettore,Clotilda,Goodbourn,cgoodbournci@a8.net,385-386-8727,5/31/2020,NO
,Flore,Worthington,Rate,wratecj@cdc.gov,433-232-9428,8/29/2020,YES
,Christabella,Tobey,Bootton,tboottonck@wufoo.com,514-806-4752,5/19/2020,NO
,Barbi,Darelle,Stidworthy,dstidworthycl@homestead.com,623-848-3575,10/19/2020,NO
,Leesa,Clementina,Graysmark,cgraysmarkcm@alibaba.com,747-511-1921,7/24/2020,YES
,Lonnie,Onofredo,Phizackerly,ophizackerlycn@4shared.com,552-400-0771,10/13/2020,YES
,Kenna,Brigitta,Hinrichsen,bhinrichsenco@bloglovin.com,276-306-3841,8/15/2020,YES
,Bess,Emelyne,Blum,eblumcp@virginia.edu,214-459-2305,8/29/2020,YES
,Cissy,Rosalie,Croson,rcrosoncq@aol.com,479-477-2941,01/09/2021,NO
,Gracia,Lorettalorna,Olivier,loliviercr@apache.org,341-567-2376,12/03/2020,YES
,Fowler,Lawry,Forrester,lforrestercs@foxnews.com,564-916-8893,08/05/2020,NO
,Ethelbert,Otis,Knath,oknathct@vistaprint.com,275-264-4014,11/27/2020,YES
,Terrence,Winna,Pengelley,wpengelleycu@samsung.com,874-798-5132,01/11/2021,YES
,Cyrillus,Becky,Quant,bquantcv@microsoft.com,234-384-3952,2/20/2021,NO
,Caresse,Flory,Zanre,fzanrecw@newsvine.com,920-599-5767,10/31/2020,YES
,Yetty,Joshuah,Shortin,jshortincx@addthis.com,776-197-5929,8/24/2020,YES
,Renate,Johnette,Lardez,jlardezcy@hhs.gov,965-882-9378,02/11/2021,NO
,Jeramie,Sephira,de Merida,sdemeridacz@intel.com,481-606-8804,2/26/2021,NO
,Brice,Alley,Larman,alarmand0@webs.com,649-841-4124,3/17/2021,NO
,Tabby,Lisha,Wallwood,lwallwoodd1@addtoany.com,753-963-8226,10/10/2020,YES
,Gracie,Jo ann,Issitt,jissittd2@icio.us,311-312-9965,7/22/2020,NO
,Reggi,Kerianne,Abrashkin,kabrashkind3@bloglovin.com,707-672-7811,4/27/2020,YES
,Jeremy,Jeana,Gilhespy,jgilhespyd4@ox.ac.uk,758-296-5000,02/11/2021,YES
,Myrvyn,Idaline,Dulwich,idulwichd5@disqus.com,671-712-2796,09/02/2020,NO
,Ansel,Giacomo,Medmore,gmedmored6@newyorker.com,906-722-7725,1/31/2021,YES
,Mellisa,Jarrad,Scorey,jscoreyd7@jigsy.com,784-989-0134,9/29/2020,YES
,Matilda,Erskine,Brotherwood,ebrotherwoodd8@va.gov,773-140-0740,11/06/2020,YES
,Lavinia,Amie,Borless,aborlessd9@mlb.com,464-838-6740,1/23/2021,NO
,Camel,Nancy,Bonnier,nbonnierda@bing.com,316-759-0965,11/29/2020,YES
,Allys,Edan,Mompesson,emompessondb@japanpost.jp,151-424-4313,05/01/2020,NO
,Conroy,Sileas,Kinnier,skinnierdc@wufoo.com,967-860-2966,2/25/2021,YES
,Beryle,Fayina,Carnson,fcarnsondd@ameblo.jp,276-681-9338,6/14/2020,YES
,Howie,Lucas,McKee,lmckeede@tripadvisor.com,488-677-5375,10/18/2020,NO
,Brit,Shaine,Willes,swillesdf@linkedin.com,483-845-1929,8/20/2020,YES
,Donelle,Tamiko,Sargood,tsargooddg@discuz.net,327-735-4513,11/12/2020,YES
,Alayne,Sharline,Bartalot,sbartalotdh@japanpost.jp,749-505-6150,02/07/2021,NO
,Lainey,Curr,Jull,cjulldi@istockphoto.com,834-369-8880,6/20/2020,NO
,Doy,Carlye,Lamborne,clambornedj@1und1.de,140-880-4787,07/07/2020,YES
,Karalynn,Dorian,Freed,dfreeddk@topsy.com,266-691-3015,11/24/2020,NO
,Roxie,Viv,Navarre,vnavarredl@drupal.org,202-774-8381,6/20/2020,NO
,Viviene,Timothy,Larwood,tlarwooddm@gizmodo.com,416-298-1128,11/01/2020,YES
,Lina,Dalis,Tickel,dtickeldn@usnews.com,652-803-8396,06/12/2020,NO
,Tatiana,Morgan,Myles,mmylesdo@issuu.com,877-426-3862,12/21/2020,NO
,Lori,Kippar,Gatheral,kgatheraldp@themeforest.net,565-488-9689,2/16/2021,NO
,Odell,Park,Zini,pzinidq@walmart.com,890-388-5291,04/06/2020,YES
,Charleen,Mame,Dasent,mdasentdr@reverbnation.com,236-729-2124,04/06/2020,NO
,Christian,Artemis,Cosin,acosinds@tinyurl.com,655-713-7012,06/03/2020,YES
,Kalli,Rutter,Donegan,rdonegandt@livejournal.com,185-470-3172,2/21/2021,YES
,Alecia,Robby,Galiero,rgalierodu@google.ru,139-304-0449,10/28/2020,NO
,Amalea,Germayne,Joriot,gjoriotdv@cocolog-nifty.com,498-998-4899,8/19/2020,NO
,Shellysheldon,Leonelle,Nias,lniasdw@bigcartel.com,636-879-9716,12/05/2020,YES
,Lorrie,Almeda,Ovell,aovelldx@merriam-webster.com,222-701-9752,9/16/2020,NO
,Courtney,Christen,Desesquelle,cdesesquelledy@cnet.com,671-171-7051,7/29/2020,NO
,Paula,Delcina,Cranstone,dcranstonedz@clickbank.net,568-688-7847,3/22/2021,NO
,Byram,Olenolin,Mungan,omungane0@netscape.com,237-705-5085,11/14/2020,YES
,Weider,Delly,Hardwicke,dhardwickee1@hubpages.com,142-302-8530,2/19/2021,YES
,Willie,Renaldo,Conochie,rconochiee2@reuters.com,401-676-5022,02/08/2021,YES
,Bobette,Miner,Liverseege,mliverseegee3@odnoklassniki.ru,356-722-4957,2/20/2021,YES
,Jeannine,Ninnetta,Cowser,ncowsere4@example.com,336-416-9627,3/25/2021,NO
,Ibby,Jacinta,Elsworth,jelsworthe5@discovery.com,162-253-0369,9/14/2020,YES
,Leia,Michaela,Lidgely,mlidgelye6@ted.com,982-866-3731,1/29/2021,YES
,Llywellyn,Salome,Grishinov,sgrishinove7@wsj.com,237-914-6593,1/15/2021,NO
,Nye,Yettie,Thompson,ythompsone8@hibu.com,414-195-5064,8/23/2020,NO
,Merralee,Onfroi,Pickburn,opickburne9@statcounter.com,236-172-7022,02/04/2021,YES
,Meridel,Paxton,Stening,psteningea@stumbleupon.com,315-455-7283,3/17/2021,YES
,Moishe,Hillary,Maffioni,hmaffionieb@themeforest.net,974-618-7648,09/12/2020,NO
,Edmon,Reiko,Hanning,rhanningec@google.it,487-669-3712,2/16/2021,NO
,Eberto,Lazaro,Mincher,lminchered@dailymail.co.uk,949-907-6507,6/14/2020,NO
,Carmen,Seward,Tompion,stompionee@bloglovin.com,285-868-6600,8/21/2020,NO
,Dianna,Otes,Darrach,odarrachef@columbia.edu,427-969-7373,11/01/2020,NO
,Annelise,Mariellen,Hickisson,mhickissoneg@irs.gov,439-472-7800,8/29/2020,YES
,Nollie,Moise,Wildash,mwildasheh@dailymail.co.uk,414-582-2502,11/26/2020,NO
,Colette,Mar,Mannagh,mmannaghei@nytimes.com,611-312-0077,11/17/2020,NO
,Brandie,Thaine,Vanes,tvanesej@tinyurl.com,835-147-2055,5/28/2020,NO
,Lesli,Massimo,Heavyside,mheavysideek@engadget.com,916-389-8514,04/05/2020,YES
,Anna,Gerda,Brimmell,gbrimmellel@last.fm,522-610-7335,10/12/2020,YES
,Bertrand,Jarrett,Hawkwood,jhawkwoodem@plala.or.jp,367-674-2069,3/21/2021,NO
,Allan,Andonis,Goymer,agoymeren@i2i.jp,979-224-0532,07/08/2020,YES
,Beryl,Merla,Alliot,mallioteo@weebly.com,535-229-2547,6/30/2020,NO
,Zoe,Conney,Edsell,cedsellep@netscape.com,961-412-2836,09/08/2020,NO
,Nichols,Christi,Ranklin,cranklineq@hatena.ne.jp,982-284-1199,8/16/2020,YES
,Mei,Hoebart,Kenaway,hkenawayer@bloglines.com,505-662-7327,10/11/2020,NO
,Mathias,Eliza,Legerton,elegertones@columbia.edu,222-179-7592,9/22/2020,YES
,Albrecht,Mag,Flaws,mflawset@quantcast.com,667-885-7975,09/10/2020,NO
,Merv,Ibby,Lettuce,ilettuceeu@ebay.co.uk,503-555-5748,2/28/2021,YES
,Ferris,Leeann,Neller,lnellerev@squidoo.com,911-385-7220,5/13/2020,NO
,Efren,Livvie,Goodison,lgoodisonew@alexa.com,675-245-6421,08/08/2020,YES
,Tabor,Wolf,Degue,wdegueex@sbwire.com,169-248-0041,11/30/2020,NO
,Charley,Ellette,Cullity,ecullityey@eepurl.com,601-873-6231,6/13/2020,YES
,Thorpe,Byrann,Polotti,bpolottiez@nytimes.com,620-346-4685,12/19/2020,YES
,Petey,Calypso,Kirsop,ckirsopf0@mysql.com,338-901-6725,02/06/2021,YES
,Shanda,Pattin,Sline,pslinef1@t.co,194-774-0715,08/06/2020,YES
,Nathanil,Daryl,Volonte,dvolontef2@oaic.gov.au,833-446-7176,12/07/2020,YES
,Lynelle,Trudie,Sahnow,tsahnowf3@whitehouse.gov,687-124-3857,02/03/2021,NO
,Jany,Aline,Boribal,aboribalf4@canalblog.com,976-932-5852,12/31/2020,YES
,Roderigo,Kelcie,Corderoy,kcorderoyf5@state.tx.us,153-811-5187,3/29/2021,YES
,Noella,Avis,Dungay,adungayf6@phoca.cz,364-732-2363,6/21/2020,NO
,Emmit,Montgomery,Weall,mweallf7@mac.com,656-418-2962,05/04/2020,YES
,Remy,Forster,Winsley,fwinsleyf8@domainmarket.com,780-328-1777,6/30/2020,YES
,Elden,Gare,Duthie,gduthief9@miitbeian.gov.cn,911-808-7955,02/07/2021,YES
,Larine,Kynthia,Larret,klarretfa@census.gov,822-993-8088,10/05/2020,YES
,Chane,Amandy,Antonacci,aantonaccifb@loc.gov,315-382-0402,1/19/2021,YES
,Wilhelmina,Antonetta,Peacock,apeacockfc@fda.gov,280-646-7284,10/25/2020,YES
,Sherlock,Dorothy,Yukhnini,dyukhninifd@github.com,475-368-7675,06/09/2020,NO
,Munmro,Dayna,Thurlborn,dthurlbornfe@telegraph.co.uk,330-860-7125,12/30/2020,NO
,Selie,Darrelle,Odby,dodbyff@fotki.com,645-898-0034,1/20/2021,YES
,Katheryn,Milissent,Younger,myoungerfg@lulu.com,134-982-6661,5/22/2020,YES
,Corabel,Hanna,Bordis,hbordisfh@microsoft.com,861-584-0517,08/01/2020,NO
,Dacy,Roderick,Wandrack,rwandrackfi@google.com.au,781-397-3847,4/14/2020,NO
,Bernadene,Sylvia,Crumbie,scrumbiefj@unc.edu,289-654-6005,08/06/2020,YES
,Kath,Agathe,Ipwell,aipwellfk@hatena.ne.jp,586-377-9237,02/10/2021,YES
,Maximilianus,Victoir,Gerhts,vgerhtsfl@technorati.com,444-517-6699,6/14/2020,YES
,Imelda,Valentina,Britton,vbrittonfm@biblegateway.com,495-425-7851,10/07/2020,YES
,Adelle,Olia,Bittleson,obittlesonfn@bravesites.com,170-836-6016,01/09/2021,NO
,Jillene,Hussein,Gooderridge,hgooderridgefo@census.gov,429-571-5046,9/13/2020,YES
,Talbert,Corene,Dudleston,cdudlestonfp@home.pl,940-896-3688,08/11/2020,YES
,Crissy,Hadlee,Amoore,hamoorefq@dmoz.org,752-712-0641,07/05/2020,YES
,Tobe,Manon,Chapling,mchaplingfr@stumbleupon.com,602-182-0176,08/10/2020,NO
,Cele,Cahra,Vaughan-Hughes,cvaughanhughesfs@forbes.com,659-240-1444,7/20/2020,YES
,Lena,Boyd,Fearns,bfearnsft@bravesites.com,892-518-8655,04/11/2020,YES
,Brynn,Charity,Cattermole,ccattermolefu@cocolog-nifty.com,991-186-5512,7/20/2020,NO
,Edmund,Barrett,Glason,bglasonfv@themeforest.net,424-937-3348,12/11/2020,NO
,Jourdan,Gerick,Athey,gatheyfw@bizjournals.com,358-558-2141,01/04/2021,NO
,Ricki,Murry,Charlewood,mcharlewoodfx@storify.com,938-262-1579,02/09/2021,NO
,Chase,Charley,Connell,cconnellfy@github.io,926-777-2262,12/20/2020,YES
,Bard,Liuka,Beautyman,lbeautymanfz@topsy.com,769-746-4216,10/24/2020,YES
,Tobie,Annnora,Merry,amerryg0@marketwatch.com,666-762-2442,01/07/2021,NO
,Karin,Breanne,Whisker,bwhiskerg1@guardian.co.uk,373-327-7016,06/05/2020,YES
,Sarena,Timotheus,Fallows,tfallowsg2@google.de,977-718-6179,8/24/2020,YES
,Curran,Jorge,Pantone,jpantoneg3@php.net,212-106-5287,9/16/2020,YES
,Benyamin,Philis,Sullens,psullensg4@gmpg.org,885-756-9066,1/30/2021,NO
,Neille,Valentia,Lukianov,vlukianovg5@simplemachines.org,260-132-2338,4/27/2020,YES
,Dollie,Emory,Pinches,epinchesg6@timesonline.co.uk,731-152-7280,5/31/2020,YES
,Alexandr,Byram,Capron,bcaprong7@washingtonpost.com,821-463-2188,8/17/2020,YES
,Gerald,Felipe,Saintpierre,fsaintpierreg8@furl.net,414-459-5695,01/06/2021,YES
,Meredith,Vasily,Cains,vcainsg9@ow.ly,404-644-6058,03/04/2021,YES
,Ara,Cathyleen,Janu,cjanuga@pagesperso-orange.fr,444-719-1022,05/08/2020,YES
,Sebastian,Fulvia,Beament,fbeamentgb@mozilla.org,711-686-8818,12/29/2020,NO
,Emalee,Lelia,Gemnett,lgemnettgc@sina.com.cn,640-662-9826,06/05/2020,YES
,Pammi,Norry,Copcutt,ncopcuttgd@slashdot.org,968-843-8521,11/25/2020,NO
,Pinchas,Berty,Lindsay,blindsayge@wordpress.org,248-900-6231,10/17/2020,NO
,Rachael,Shelli,Simpson,ssimpsongf@ustream.tv,465-494-7495,06/12/2020,YES
,Corinne,Fritz,Dillimore,fdillimoregg@about.me,479-810-2979,06/11/2020,YES
,Gilbertina,Becky,Baumert,bbaumertgh@irs.gov,900-131-9912,3/27/2021,NO
,Robby,Care,Edrich,cedrichgi@gravatar.com,346-505-0365,4/13/2020,NO
,Free,Justinn,Jakubovics,jjakubovicsgj@paginegialle.it,675-685-7909,1/13/2021,NO
,Clair,Genevra,Walsh,gwalshgk@arstechnica.com,470-806-0013,6/17/2020,YES
,Jeramey,Gian,Lademann,glademanngl@blogtalkradio.com,400-739-3069,07/08/2020,NO
,Benoit,Zeb,De Witt,zdewittgm@joomla.org,240-429-5396,01/01/2021,YES
,Uriah,Janot,Conochie,jconochiegn@t.co,827-263-0187,7/27/2020,YES
,Charleen,Lesly,Bendle,lbendlego@thetimes.co.uk,604-719-0574,5/16/2020,NO
,Gates,Torie,Ealden,tealdengp@ask.com,773-623-9063,08/09/2020,NO
,Willa,Rosamund,Laneham,rlanehamgq@ask.com,273-841-8127,12/03/2020,NO
,Ben,Ellery,Degan,edegangr@nationalgeographic.com,489-876-2472,12/21/2020,NO
,Linnet,Chaim,Auchterlonie,cauchterloniegs@geocities.jp,111-455-8463,01/06/2021,YES
,Beverley,Sheffield,Harriss,sharrissgt@acquirethisname.com,262-411-2074,02/07/2021,NO
,Darline,Kienan,Kopta,kkoptagu@ibm.com,581-291-4647,05/08/2020,NO
,Ron,Guillemette,Dalling,gdallinggv@seesaa.net,785-932-4933,9/24/2020,NO
,Celestina,Godfree,Chilcott,gchilcottgw@webnode.com,601-610-6097,01/11/2021,NO
,Raul,Aggie,McGillacoell,amcgillacoellgx@free.fr,241-329-0022,5/21/2020,NO
,Rahel,Walker,Chin,wchingy@webs.com,561-440-7637,7/28/2020,YES
,Sherry,Janene,Risley,jrisleygz@umn.edu,468-190-1578,7/14/2020,NO
,Katinka,Ashley,Simeone,asimeoneh0@amazon.de,879-980-4098,10/28/2020,NO
,Joanna,Maddi,Barrim,mbarrimh1@artisteer.com,203-596-1198,10/27/2020,YES
,Ellie,Rogerio,Liffey,rliffeyh2@youtube.com,386-612-0681,03/12/2021,YES
,Malanie,Leonerd,Farragher,lfarragherh3@4shared.com,967-881-0763,12/01/2020,YES
,Angeline,Kristel,Broomer,kbroomerh4@ox.ac.uk,302-913-7957,06/12/2020,NO
,Stephine,Chrystal,Fosse,cfosseh5@tamu.edu,916-225-8663,03/07/2021,NO
,Antonietta,Jolyn,Gullick,jgullickh6@istockphoto.com,705-341-9410,4/13/2020,NO
,Zedekiah,Adey,Thomann,athomannh7@google.pl,978-123-4454,12/04/2020,NO
,Ellerey,Currie,Lillow,clillowh8@dedecms.com,864-445-3678,12/02/2020,YES
,Hadley,Linc,Skatcher,lskatcherh9@vistaprint.com,233-758-5179,02/10/2021,NO
,Shaine,Bevon,Strainge,bstraingeha@hugedomains.com,971-750-1756,12/21/2020,YES
,Annnora,Camilla,Richel,crichelhb@discovery.com,696-576-6728,10/04/2020,YES
,Bordie,Giavani,Junkison,gjunkisonhc@lulu.com,613-709-3332,07/09/2020,YES
,Lonnie,Hinda,Kemmett,hkemmetthd@telegraph.co.uk,598-875-5166,4/27/2020,NO
,Artemis,Pepita,McDade,pmcdadehe@npr.org,497-372-6843,04/07/2020,YES
,Dugald,Mercie,Lympenie,mlympeniehf@bizjournals.com,851-531-3879,7/16/2020,NO
,Adrianna,Archy,Sorby,asorbyhg@com.com,114-977-5012,5/22/2020,NO
,Deni,Consuela,Gedling,cgedlinghh@engadget.com,486-733-0402,7/18/2020,YES
,Amanda,Dolores,Tattoo,dtattoohi@gmpg.org,435-589-7572,8/22/2020,NO
,Shandie,Noll,Purrier,npurrierhj@si.edu,575-199-7289,09/06/2020,NO
,Elysee,Martie,Wooland,mwoolandhk@cam.ac.uk,992-684-2356,3/30/2020,NO
,Beverly,Nicolina,Gimblet,ngimblethl@usda.gov,668-626-8731,8/26/2020,YES
,Pen,Manny,Solon,msolonhm@istockphoto.com,490-320-2872,6/13/2020,NO
,Clarence,Mirna,Heskey,mheskeyhn@cnn.com,721-937-3588,8/28/2020,YES
,Abe,Galvin,Johnsson,gjohnssonho@sina.com.cn,310-856-2138,9/26/2020,YES
,Scotti,Walt,Courtes,wcourteshp@de.vu,585-347-2313,03/08/2021,YES
,Marla,Emily,Rockall,erockallhq@cbslocal.com,984-344-7641,4/25/2020,YES
,Melony,Davita,Dechelette,ddechelettehr@sun.com,836-859-9628,8/19/2020,YES
,Tabby,Guss,Etuck,getuckhs@dedecms.com,942-553-8089,06/03/2020,NO
,Jackson,Nichole,Caush,ncaushht@technorati.com,709-484-4855,04/10/2020,NO
,Kaylyn,Gerard,Stedmond,gstedmondhu@netlog.com,316-846-1715,6/17/2020,NO
,Ronny,Noel,Paddock,npaddockhv@studiopress.com,777-991-5693,12/11/2020,YES
,Alla,Gaynor,Clamp,gclamphw@parallels.com,518-259-1790,10/20/2020,NO
,Jan,Lindsey,Pardy,lpardyhx@sogou.com,322-473-8756,11/09/2020,NO
,Abramo,Melvyn,Gherarducci,mgherarduccihy@paginegialle.it,658-600-0597,12/02/2020,YES
,Chantal,Evered,Maase,emaasehz@apple.com,588-666-6138,11/25/2020,YES
,Adah,Siana,Cruise,scruisei0@sohu.com,495-864-6929,06/07/2020,NO
,Dunc,Malissia,Demkowicz,mdemkowiczi1@1und1.de,331-701-5702,07/01/2020,YES
,Bailey,Stacy,Lisamore,slisamorei2@skyrock.com,130-177-3521,11/28/2020,YES
,Taddeusz,Gill,Mennithorp,gmennithorpi3@cbc.ca,280-345-4106,7/24/2020,NO
,Charmine,Milly,Cloonan,mcloonani4@histats.com,854-189-4911,06/01/2020,NO
,Dagmar,Corly,Mordey,cmordeyi5@wikia.com,331-470-2185,06/12/2020,YES
,Adan,Tim,Cornwell,tcornwelli6@nbcnews.com,873-502-7712,3/29/2021,YES
,Perry,Alexia,Shields,ashieldsi7@google.cn,350-573-6383,01/02/2021,NO
,Claiborne,Jessika,Lorain,jloraini8@ycombinator.com,944-450-3782,9/22/2020,YES
,Angelique,Talbert,Domenicone,tdomeniconei9@businessweek.com,353-763-0286,3/19/2021,YES
,Barri,Buckie,Pedrocchi,bpedrocchiia@hc360.com,576-209-9132,6/24/2020,NO
,Consuelo,Nefen,Skells,nskellsib@bing.com,258-271-3362,07/08/2020,NO
,Emmie,Jodie,Yukhnev,jyukhnevic@wp.com,910-838-1807,6/20/2020,YES
,Tina,Malina,Mannin,mmanninid@creativecommons.org,998-740-6640,7/19/2020,NO
,Tris,Krystalle,D'Oyley,kdoyleyie@delicious.com,371-865-7725,12/19/2020,YES
,Susanna,Lanny,Mulles,lmullesif@amazon.co.uk,910-640-5302,1/30/2021,YES
,Bernice,Konstance,Crisall,kcrisallig@columbia.edu,971-760-4409,01/04/2021,YES
,Vivyan,Dick,Yuille,dyuilleih@toplist.cz,339-853-5408,7/16/2020,YES
,Rab,Rolph,Borgne,rborgneii@mediafire.com,242-440-0136,10/27/2020,NO
,Travers,Emogene,Lodemann,elodemannij@theglobeandmail.com,870-758-0288,1/23/2021,YES
,Avie,Kimmi,Lere,klereik@disqus.com,535-351-7677,8/28/2020,YES
,Skyler,Bogey,Feltoe,bfeltoeil@foxnews.com,592-928-3763,1/17/2021,YES
,Quinta,Jennie,Poone,jpooneim@nasa.gov,827-759-6667,10/04/2020,YES
,Fallon,Emmey,Schooley,eschooleyin@wikia.com,355-475-5331,6/28/2020,NO
,Sela,Stanley,Goodsir,sgoodsirio@hubpages.com,499-507-1898,08/10/2020,NO
,Bel,Torry,Vase,tvaseip@deliciousdays.com,375-871-4425,1/13/2021,YES
,Averell,Cordy,Rigge,criggeiq@yandex.ru,599-436-6904,11/06/2020,YES
,Odelinda,Cy,Innes,cinnesir@google.fr,951-370-9565,04/10/2020,NO
,Karla,Burt,Jacketts,bjackettsis@freewebs.com,574-640-5072,04/08/2020,NO
,Liza,Taite,Carle,tcarleit@foxnews.com,169-717-6226,04/09/2020,NO
,Ole,Emlynn,Maly,emalyiu@bravesites.com,106-611-9041,06/08/2020,NO
,Nataniel,Sibelle,Todeo,stodeoiv@examiner.com,144-963-4021,08/08/2020,YES
,Audrie,Julius,Capelle,jcapelleiw@eventbrite.com,248-987-9575,06/11/2020,YES
,Nedda,Merrill,O'Tierney,motierneyix@sphinn.com,301-685-3414,2/22/2021,YES
,Noll,Burl,Fumagall,bfumagalliy@vkontakte.ru,642-276-8986,7/21/2020,YES
,Samaria,Bill,Rowes,browesiz@elegantthemes.com,855-126-9504,05/04/2020,YES
,Faith,Inigo,Bart,ibartj0@instagram.com,736-583-9121,2/23/2021,NO
,See,Marita,Fetterplace,mfetterplacej1@amazonaws.com,394-948-5795,08/02/2020,YES
,Rosene,Lorrayne,Boyse,lboysej2@ning.com,936-584-8543,04/09/2020,YES
,Marius,Esmaria,Gregorin,egregorinj3@usgs.gov,726-776-8692,1/17/2021,NO
,Berny,Neill,Bugs,nbugsj4@dell.com,504-676-7310,12/05/2020,YES
,Christos,Reeta,Defont,rdefontj5@prnewswire.com,159-707-0505,3/23/2021,NO
,Nydia,Annalise,Mortlock,amortlockj6@patch.com,743-254-9210,08/08/2020,YES
,Francesca,Laina,Keech,lkeechj7@digg.com,879-788-0163,11/04/2020,NO
,Jaime,Corbin,Dedmam,cdedmamj8@printfriendly.com,402-875-1863,06/04/2020,YES
,Arleyne,Janeen,Winterflood,jwinterfloodj9@gravatar.com,439-862-9565,6/25/2020,YES
,Timmi,Saxe,Duell,sduellja@imgur.com,978-704-7752,11/24/2020,NO
,Eddy,Forster,Kleisle,fkleislejb@irs.gov,366-422-7448,3/24/2021,NO
,Emilio,Raffaello,Arboin,rarboinjc@paypal.com,129-279-3786,3/17/2021,NO
,Wilden,Marcie,Duckit,mduckitjd@ucoz.com,421-100-3666,1/23/2021,NO
,Lisbeth,Clarita,Drydale,cdrydaleje@biglobe.ne.jp,230-749-2100,05/02/2020,NO
,Glenn,Lisa,Jerrems,ljerremsjf@sourceforge.net,859-486-8309,1/31/2021,NO
,Sigismond,Tomi,Beetham,tbeethamjg@cloudflare.com,684-634-9441,6/19/2020,YES
,Rebe,Krispin,Lockley,klockleyjh@dell.com,600-971-7132,1/18/2021,YES
,Kaspar,Shandra,Hurdis,shurdisji@hibu.com,611-249-9578,03/11/2021,NO
,Kizzee,Lars,Gouldie,lgouldiejj@yelp.com,741-513-1548,1/28/2021,NO
,Fowler,Chere,Nicolls,cnicollsjk@arstechnica.com,826-293-0440,5/17/2020,YES
,Bridgette,Melamie,Sheward,mshewardjl@tamu.edu,929-344-2083,11/28/2020,NO
,Jerrold,Christabella,Jeanon,cjeanonjm@redcross.org,568-651-4715,1/15/2021,YES
,Rosemary,Zelig,Laister,zlaisterjn@apache.org,541-422-6007,12/22/2020,YES
,Adrianna,Conni,Tremeer,ctremeerjo@geocities.com,777-123-3640,12/21/2020,YES
,Georgi,Mayne,Downes,mdownesjp@illinois.edu,731-325-7403,07/04/2020,NO
,Leslie,Kathi,Rasmus,krasmusjq@aol.com,630-567-6544,3/23/2021,YES
,Nelle,Sara,Ratazzi,sratazzijr@surveymonkey.com,219-309-8587,8/19/2020,YES
,Silva,Torey,Busby,tbusbyjs@marketwatch.com,446-730-4096,10/21/2020,YES
,Clyde,Cinderella,Sorsbie,csorsbiejt@howstuffworks.com,604-321-3816,5/29/2020,NO
,Jarid,Drucy,Cumberlidge,dcumberlidgeju@gizmodo.com,217-881-0449,1/19/2021,YES
,Milena,Fernando,Steedman,fsteedmanjv@360.cn,552-787-9686,1/26/2021,NO
,Abbey,Wes,Janusz,wjanuszjw@friendfeed.com,413-634-6964,07/06/2020,YES
,Brooke,Hewe,Sambidge,hsambidgejx@ifeng.com,115-934-0055,7/15/2020,YES
,Katy,Constantino,Illingsworth,cillingsworthjy@flickr.com,225-620-5931,07/11/2020,NO
,Gunner,Vic,Lemary,vlemaryjz@free.fr,414-111-4312,8/24/2020,NO
,Rosa,Tim,Shalders,tshaldersk0@hexun.com,630-530-0347,08/06/2020,NO
,Isis,Delora,Ladds,dladdsk1@g.co,569-273-8639,10/01/2020,YES
,Jorry,Gav,Thatcher,gthatcherk2@desdev.cn,127-636-1087,11/08/2020,YES
,Hashim,Ada,Kick,akickk3@pcworld.com,176-198-1889,5/22/2020,NO
,Genia,Gerome,Coltart,gcoltartk4@delicious.com,127-959-5143,6/18/2020,NO
,Adoree,Guthry,Durn,gdurnk5@nymag.com,848-103-0068,07/11/2020,NO
,Rodolphe,Glenn,Case,gcasek6@arstechnica.com,771-886-6959,07/09/2020,NO
,Verina,Clementia,Ackwood,cackwoodk7@twitter.com,426-923-5641,10/26/2020,YES
,Colan,Rachael,Barrow,rbarrowk8@forbes.com,727-194-2311,06/09/2020,YES
,Vinny,Luis,Quene,lquenek9@whitehouse.gov,287-264-1603,7/27/2020,YES
,Jerrie,Luther,Tindley,ltindleyka@prlog.org,360-159-6846,09/07/2020,NO
,Hildy,Delmer,MacCracken,dmaccrackenkb@yandex.ru,911-105-9140,6/26/2020,NO
,Abie,Marlowe,Douthwaite,mdouthwaitekc@auda.org.au,510-559-3566,09/09/2020,YES
,Grant,Cassie,Haythorn,chaythornkd@sogou.com,718-254-7532,08/10/2020,YES
,Kim,Wade,Lamcken,wlamckenke@jalbum.net,614-760-4223,08/07/2020,NO
,Ewan,Dieter,Hubbard,dhubbardkf@newyorker.com,666-518-7656,06/05/2020,YES
,Mil,Ermin,Chastey,echasteykg@comcast.net,190-157-1910,12/04/2020,NO
,Perla,Kameko,Livett,klivettkh@ca.gov,881-142-2228,9/27/2020,NO
,Gayleen,Allissa,Pietersma,apietersmaki@blog.com,900-352-0493,05/07/2020,NO
,Devi,Ruby,Wortt,rworttkj@toplist.cz,280-921-6933,9/18/2020,NO
,Bobby,Brit,Matten,bmattenkk@wikia.com,213-947-1811,2/22/2021,NO
,Keith,Roxana,Djurevic,rdjurevickl@arstechnica.com,792-331-7010,5/17/2020,YES
,Floria,Gavan,Martinot,gmartinotkm@jimdo.com,196-209-2811,11/26/2020,YES
,Nance,Yettie,Durrington,ydurringtonkn@naver.com,425-593-9661,06/12/2020,NO
,Luis,Charmion,Boden,cbodenko@fotki.com,377-175-6663,08/03/2020,NO
,Taddeo,Hamish,Haryngton,hharyngtonkp@mozilla.org,116-584-5980,10/05/2020,YES
,Ezekiel,Reina,Stott,rstottkq@altervista.org,587-401-1481,5/16/2020,YES
,Marisa,Joby,Coghill,jcoghillkr@scribd.com,372-374-6272,4/27/2020,NO
,Giff,Rustin,Lawrinson,rlawrinsonks@cmu.edu,456-215-5822,08/07/2020,NO
,Wally,Caz,Gallanders,cgallanderskt@unesco.org,820-739-4578,11/07/2020,NO
,Tish,Cilka,Lipsett,clipsettku@wikipedia.org,871-190-7630,10/22/2020,YES
,Margalit,Rivy,Mossop,rmossopkv@constantcontact.com,555-206-4808,4/15/2020,YES
,Basia,Paddie,Harnor,pharnorkw@blogtalkradio.com,676-967-2007,5/31/2020,YES
,Dallas,Lizbeth,Adshead,ladsheadkx@constantcontact.com,923-720-9812,03/03/2021,YES
,Clem,Bev,Yetman,byetmanky@google.cn,617-795-8799,8/28/2020,YES
,Locke,Theda,Tournie,ttourniekz@theglobeandmail.com,843-667-5784,10/23/2020,YES
,Lesly,Creight,Samuel,csamuell0@rakuten.co.jp,236-515-4078,1/14/2021,NO
,Nanete,Reine,Colson,rcolsonl1@hibu.com,850-667-3843,5/13/2020,NO
,Paton,Cheslie,Tasker,ctaskerl2@army.mil,787-127-7629,7/24/2020,NO
,Christy,Curtis,Cullimore,ccullimorel3@51.la,699-917-7752,11/29/2020,NO
,Allie,Kameko,Bruyet,kbruyetl4@trellian.com,394-922-1919,9/20/2020,YES
,Del,Andie,Mitchelhill,amitchelhilll5@zdnet.com,562-454-8203,12/24/2020,NO
,Terza,Perren,Rowland,prowlandl6@unesco.org,917-335-9394,04/10/2020,YES
,Marlee,Derby,Galpin,dgalpinl7@canalblog.com,521-968-8819,03/10/2021,YES
,Tanitansy,Laura,Giannasi,lgiannasil8@constantcontact.com,716-264-7599,04/04/2020,YES
,Byram,Berky,Garwill,bgarwilll9@ed.gov,191-691-2562,2/22/2021,NO
,Camella,Ernestus,Durbyn,edurbynla@theatlantic.com,418-143-8685,04/08/2020,YES
,Arnold,Evvy,Doncaster,edoncasterlb@whitehouse.gov,394-742-9256,9/22/2020,NO
,Jacky,Myrah,Hallam,mhallamlc@tumblr.com,583-542-2531,05/08/2020,YES
,Ulric,Trude,Daykin,tdaykinld@dedecms.com,408-925-0382,11/06/2020,YES
,Tanitansy,Charissa,Southon,csouthonle@bluehost.com,781-102-6420,7/27/2020,NO
,Eirena,Ynez,Acors,yacorslf@smh.com.au,255-253-6671,5/21/2020,NO
,Sindee,Wendeline,Gabel,wgabellg@examiner.com,319-455-8705,07/04/2020,NO
,Arlin,Eugen,Godfray,egodfraylh@diigo.com,767-550-6650,7/13/2020,NO
,Titos,Esta,Bonafacino,ebonafacinoli@taobao.com,747-563-9625,07/01/2020,NO
,Guss,Lowe,Matterface,lmatterfacelj@macromedia.com,594-481-6351,01/05/2021,YES
,Jilly,Desmond,Gantley,dgantleylk@ocn.ne.jp,787-101-3045,8/31/2020,YES
,Eileen,Niki,Meco,nmecoll@aol.com,452-408-6251,4/18/2020,NO
,Isidore,Westley,Cahn,wcahnlm@yahoo.com,819-284-5934,02/11/2021,NO
,Kev,Bran,Von Welden,bvonweldenln@reuters.com,637-161-7842,10/23/2020,NO
,Bennett,Eimile,St. Louis,estlouislo@usa.gov,513-179-8281,12/16/2020,NO
,Dinnie,Raye,MacGuigan,rmacguiganlp@sun.com,449-711-4423,9/21/2020,YES
,Denys,Aubrie,Vasyukhin,avasyukhinlq@telegraph.co.uk,154-550-6532,07/04/2020,NO
,Albert,Jarib,MacKilroe,jmackilroelr@craigslist.org,991-406-4651,09/04/2020,YES
,Olvan,Papageno,Kochlin,pkochlinls@japanpost.jp,376-295-2236,4/14/2020,YES
,Park,Charlie,Ramel,cramellt@blogtalkradio.com,129-464-4612,12/11/2020,NO
,Margalo,Marty,Hilley,mhilleylu@qq.com,373-131-9241,6/13/2020,NO
,Alta,Amalita,Wombwell,awombwelllv@cisco.com,769-608-3249,10/17/2020,NO
,Cary,Adelbert,Annies,aannieslw@artisteer.com,475-339-8204,5/13/2020,YES
,Bari,Flem,Golder,fgolderlx@columbia.edu,192-680-0405,02/07/2021,NO
,Charissa,Priscella,Tire,ptirely@geocities.jp,696-639-6541,11/03/2020,NO
,Ursuline,Rosa,Bilham,rbilhamlz@ted.com,276-521-1079,01/02/2021,NO
,Cody,Yulma,Carwithan,ycarwithanm0@studiopress.com,489-736-3032,02/09/2021,NO
,Orrin,Inglis,Lumm,ilummm1@github.io,945-823-3569,11/12/2020,NO
,Kelley,Hedda,Cotelard,hcotelardm2@independent.co.uk,263-373-6394,7/16/2020,NO
,Burty,Allene,Berringer,aberringerm3@desdev.cn,800-663-6824,10/30/2020,NO
,Rhona,Tierney,Matejka,tmatejkam4@oracle.com,817-955-7079,08/01/2020,YES
,Jaquenette,Jade,Stygall,jstygallm5@marketwatch.com,224-773-8053,10/15/2020,NO
,Trefor,Caron,Cawsy,ccawsym6@army.mil,696-958-8126,2/25/2021,NO
,Olvan,Drucy,Tubble,dtubblem7@etsy.com,104-967-7456,12/25/2020,NO
,Cherish,Lorianna,Carthy,lcarthym8@nyu.edu,779-943-5113,1/23/2021,YES
,Danielle,Ram,Streeter,rstreeterm9@ameblo.jp,125-373-3076,7/13/2020,NO
,Emile,Benjamin,Kearford,bkearfordma@xing.com,631-601-6911,05/05/2020,NO
,Fawn,Carolann,Gouda,cgoudamb@fc2.com,786-716-1898,12/26/2020,YES
,Rebe,Devina,Loding,dlodingmc@cnet.com,540-864-3553,8/31/2020,NO
,Hilary,Kass,Sponton,kspontonmd@wikipedia.org,149-340-1212,11/17/2020,NO
,Juliana,Karylin,Simon,ksimonme@google.co.jp,317-481-4458,02/02/2021,NO
,Lotte,Morry,Raynor,mraynormf@slideshare.net,410-563-5099,03/01/2021,YES
,Trescha,Alden,Toopin,atoopinmg@mapquest.com,175-151-4234,07/12/2020,NO
,Millard,Kristoforo,Buffery,kbufferymh@sakura.ne.jp,457-720-9709,7/13/2020,NO
,Greer,Lou,Langrick,llangrickmi@cornell.edu,375-278-4751,12/23/2020,NO
,Rab,Martica,Fann,mfannmj@reference.com,786-707-0135,10/22/2020,YES
,Alexandrina,Alaric,Wortley,awortleymk@sitemeter.com,240-236-7244,6/28/2020,NO
,Borg,Kameko,Rodenburg,krodenburgml@gnu.org,199-216-3022,12/29/2020,NO
,Jodie,Arabelle,Sauniere,asaunieremm@dell.com,380-579-9355,8/31/2020,NO
,Aurilia,Laurent,Fettiplace,lfettiplacemn@geocities.jp,281-699-0618,1/19/2021,YES
,Shurwood,Ava,Scallan,ascallanmo@flickr.com,638-729-0080,4/13/2020,YES
,Barth,Audrie,Cathrae,acathraemp@cdc.gov,267-320-4882,04/09/2020,YES
,Analiese,Loren,Pessel,lpesselmq@infoseek.co.jp,971-573-4181,02/09/2021,YES
,Lenore,Eadie,Liddington,eliddingtonmr@aol.com,901-322-4389,07/11/2020,YES
,Cortie,Alyssa,Keaveney,akeaveneyms@kickstarter.com,376-168-7322,11/13/2020,NO
,Avigdor,Matt,Beddie,mbeddiemt@issuu.com,776-212-4173,2/16/2021,NO
,Taber,Darryl,Sayers,dsayersmu@clickbank.net,120-911-8829,02/06/2021,YES
,Jane,Trina,Braferton,tbrafertonmv@live.com,835-119-2855,8/26/2020,NO
,Marielle,Federica,Bullas,fbullasmw@dailymail.co.uk,140-198-6890,1/17/2021,NO
,Harcourt,Pennie,Whyteman,pwhytemanmx@whitehouse.gov,633-797-9929,12/27/2020,NO
,Hasheem,Karee,Crannage,kcrannagemy@hatena.ne.jp,690-322-0268,4/18/2020,NO
,Annora,Erek,Cluitt,ecluittmz@jimdo.com,943-195-9757,11/13/2020,NO
,Lorne,Arnuad,Ferie,aferien0@jalbum.net,147-945-6967,3/16/2021,YES
,Lindi,Charo,Furman,cfurmann1@earthlink.net,860-110-2098,07/11/2020,NO
,Iormina,Brnaby,Moncarr,bmoncarrn2@yellowbook.com,647-276-0464,09/10/2020,YES
,Tamiko,Ravid,Culshaw,rculshawn3@hp.com,268-962-6846,05/11/2020,YES
,Marcy,Devland,Franzettoini,dfranzettoinin4@ehow.com,112-891-8507,9/18/2020,YES
,Alli,Janaya,Wombwell,jwombwelln5@pbs.org,643-995-7925,10/24/2020,YES
,Petronilla,Carrol,Mottram,cmottramn6@jalbum.net,336-439-8048,7/14/2020,NO
,Aubert,Kaine,Vasilevich,kvasilevichn7@infoseek.co.jp,693-274-4580,01/11/2021,NO
,Imelda,Whitby,Cahalan,wcahalann8@arizona.edu,871-373-9122,1/18/2021,NO
,Audi,Stormi,Rushby,srushbyn9@csmonitor.com,491-433-8520,3/21/2021,NO
,Garek,Uriah,Tarbox,utarboxna@wikipedia.org,394-514-9191,1/15/2021,NO
,Hannah,Waiter,Pilipyak,wpilipyaknb@mtv.com,308-513-5583,10/23/2020,NO
,Sharla,Gran,Klaiser,gklaisernc@goodreads.com,108-901-3757,08/08/2020,YES
,Bianka,Chester,Guilleton,cguilletonnd@wikimedia.org,588-358-7411,06/04/2020,NO
,Wini,Darsie,Tomblin,dtomblinne@prweb.com,200-323-7396,1/27/2021,YES
,Kincaid,Sheff,Pawelek,spaweleknf@vk.com,142-278-0190,11/26/2020,NO
,Forest,Rodolph,Spata,rspatang@wix.com,232-421-8144,10/16/2020,YES
,Fanchon,Corina,Laird,clairdnh@google.ca,556-934-7920,02/03/2021,YES
,Marlene,Toby,Giotto,tgiottoni@g.co,399-721-4354,07/07/2020,YES
,Alexina,Steffi,Jantot,sjantotnj@ucoz.ru,918-997-7702,6/21/2020,NO
,Chiquia,Dougy,Muckian,dmuckiannk@storify.com,953-231-7526,1/27/2021,YES
,Verine,Ludovika,Ducaen,lducaennl@slate.com,636-677-8800,10/06/2020,YES
,Welby,Pearle,Whatley,pwhatleynm@earthlink.net,318-968-7821,10/13/2020,YES
,Clarita,Tamarra,Maddy,tmaddynn@europa.eu,636-712-8101,3/17/2021,NO
,Ronna,Sky,Fryett,sfryettno@51.la,177-944-1975,05/07/2020,YES
,Olenolin,Lilly,Coaten,lcoatennp@noaa.gov,120-120-8287,12/09/2020,YES
,Manon,Kerstin,Leinster,kleinsternq@soundcloud.com,903-537-7799,04/11/2020,YES
,Claudie,Samantha,Glauber,sglaubernr@baidu.com,572-654-2815,4/22/2020,NO
,Pascal,Catha,Klaussen,cklaussenns@ustream.tv,403-126-4582,05/06/2020,YES
,Marianne,Sasha,Gianolini,sgianolinint@sun.com,474-924-3773,5/14/2020,YES
,Gauthier,Jacklyn,McKnockiter,jmcknockiternu@va.gov,166-261-8220,11/10/2020,NO
,Camellia,Abagael,Sperling,asperlingnv@springer.com,687-535-9039,6/26/2020,NO
,Sofie,Brandy,Lavalde,blavaldenw@xrea.com,401-475-1739,11/04/2020,NO
,Ida,Ignatius,Rosi,irosinx@wired.com,999-744-3872,12/16/2020,NO
,Fernande,Lukas,Miners,lminersny@statcounter.com,935-108-0264,8/30/2020,YES
,Dame,Diane,Merida,dmeridanz@weibo.com,912-476-8029,03/12/2021,YES
,Giles,Shel,Lehon,slehono0@ning.com,959-161-2190,02/04/2021,YES
,Maude,Dominica,Bayless,dbaylesso1@imgur.com,645-744-0742,03/06/2021,YES
,Dalton,Kristi,Greatham,kgreathamo2@marketwatch.com,500-975-3934,09/10/2020,NO
,Heall,Franny,Karpe,fkarpeo3@aboutads.info,412-945-3749,03/12/2021,NO
,Adelbert,Magdalena,Sprigings,msprigingso4@webs.com,590-325-8844,1/17/2021,YES
,Junette,Pearla,Rickson,pricksono5@gizmodo.com,239-307-5462,9/17/2020,NO
,Tanhya,Michell,Berth,mbertho6@cocolog-nifty.com,835-567-6174,07/02/2020,YES
,Murdoch,Lorelle,Dutch,ldutcho7@instagram.com,803-385-8352,10/27/2020,NO
,Newton,Shelbi,Ovenell,sovenello8@github.com,333-697-9097,1/27/2021,NO
,Marje,Margret,Volante,mvolanteo9@prnewswire.com,542-932-8143,11/22/2020,YES
,Gardiner,Gerik,Bergstrand,gbergstrandoa@cam.ac.uk,191-942-1655,9/27/2020,NO
,Wendeline,Adela,McKeand,amckeandob@mozilla.com,412-493-9159,2/20/2021,NO
,Zeb,Prissie,Lawman,plawmanoc@blogs.com,524-449-5974,4/30/2020,NO
,Natka,Hashim,Prettyman,hprettymanod@umich.edu,485-282-8372,10/31/2020,YES
,Casi,Vidovik,Endacott,vendacottoe@hibu.com,542-323-3814,10/27/2020,NO
,Deana,Chandal,Stanfield,cstanfieldof@ebay.co.uk,548-969-2428,11/04/2020,NO
,Mora,Benny,Ohanessian,bohanessianog@redcross.org,623-720-0943,12/06/2020,YES
,Jilli,Hercules,Foxen,hfoxenoh@alexa.com,444-466-2855,6/25/2020,YES
,Merry,Viviene,Adamov,vadamovoi@ucsd.edu,660-476-7280,5/16/2020,NO
,Hendrick,Ario,Sherwen,asherwenoj@geocities.com,929-742-2362,7/16/2020,YES
,Reilly,Teresa,Swift,tswiftok@hibu.com,445-934-8730,11/20/2020,YES
,Allx,Livvie,Coogan,lcooganol@aboutads.info,306-127-5972,02/05/2021,NO
,Lev,Huberto,Harradine,hharradineom@ocn.ne.jp,348-909-1467,04/05/2020,YES
,Deanne,Rochella,Yggo,ryggoon@so-net.ne.jp,719-488-4454,09/04/2020,NO
,Hunfredo,Alfredo,Frostick,afrostickoo@t.co,708-547-2222,04/01/2020,NO
,Onfroi,Carry,Simm,csimmop@google.ca,799-105-4810,01/02/2021,NO
,Kenneth,Dewey,Dundridge,ddundridgeoq@aol.com,227-576-0334,08/02/2020,YES
,Philis,Cheston,Kaaskooper,ckaaskooperor@goo.ne.jp,773-408-6286,8/20/2020,NO
,Bo,Jerry,Gregoretti,jgregorettios@elegantthemes.com,602-335-8444,01/05/2021,NO
,Alyssa,Yetta,Leatham,yleathamot@columbia.edu,111-916-6646,5/20/2020,YES
,Lainey,Auberta,Whistan,awhistanou@examiner.com,450-231-7474,4/17/2020,NO
,Kally,Maynord,Peltzer,mpeltzerov@latimes.com,241-460-5731,06/08/2020,YES
,Andrej,Hewitt,Ryland,hrylandow@mashable.com,553-343-0646,5/29/2020,YES
,Lurlene,Dru,Lowis,dlowisox@twitter.com,646-871-7282,7/24/2020,NO
,Ellen,Justina,Westfield,jwestfieldoy@mac.com,902-571-3373,11/06/2020,YES
,Johan,Warner,Suddards,wsuddardsoz@ebay.co.uk,336-518-3690,08/04/2020,NO
,Venus,Kathie,Lynnitt,klynnittp0@dailymotion.com,984-977-6677,12/27/2020,YES
,Calypso,Boonie,Kearney,bkearneyp1@admin.ch,242-152-0087,4/20/2020,YES
,Farand,Martina,Guirardin,mguirardinp2@umich.edu,675-592-8248,4/25/2020,NO
,Clea,Jacinthe,Wooller,jwoollerp3@eventbrite.com,928-847-6421,9/26/2020,YES
,Domenic,Halette,Roscrigg,hroscriggp4@chron.com,718-695-6235,5/16/2020,NO
,Ab,Yul,Browncey,ybrownceyp5@umich.edu,319-998-6776,01/09/2021,NO
,Shelley,Nancee,Arnold,narnoldp6@redcross.org,855-343-3097,02/05/2021,YES
,Nicoline,Sonya,Hennemann,shennemannp7@amazon.de,458-504-7564,03/09/2021,NO
,Wren,Gloriana,Jovovic,gjovovicp8@shareasale.com,890-539-9232,04/02/2020,NO
,Allx,Janean,Willishire,jwillishirep9@indiatimes.com,917-599-0060,4/23/2020,NO
,Candi,Uriah,Kenefick,ukenefickpa@nature.com,745-788-7969,5/15/2020,NO
,Smith,Land,Wiley,lwileypb@usda.gov,690-807-8743,3/19/2021,NO
,Ilysa,Melina,Raddin,mraddinpc@ovh.net,961-670-6067,10/22/2020,YES
,Rhody,Bernice,Coleman,bcolemanpd@usatoday.com,424-934-9982,05/09/2020,YES
,Nara,Nathalia,Oakly,noaklype@imdb.com,604-797-5132,6/19/2020,NO
,Aleen,Aurel,Ambrozewicz,aambrozewiczpf@npr.org,238-774-3463,5/19/2020,YES
,Amery,Sonya,Forsey,sforseypg@networksolutions.com,429-190-6344,4/24/2020,NO
,Gene,Elnore,Andell,eandellph@tamu.edu,502-539-4815,08/11/2020,NO
,Bridie,Tobias,Kupka,tkupkapi@google.ru,155-207-1844,4/15/2020,YES
,Lexy,Gaye,Simao,gsimaopj@discuz.net,978-236-4407,04/11/2020,NO
,Bekki,Nicole,L'oiseau,nloiseaupk@ucsd.edu,919-573-8698,5/27/2020,YES
,Shaughn,Tabby,Banks,tbankspl@feedburner.com,664-238-3864,8/20/2020,YES
,Raina,Ferdinanda,Adam,fadampm@ehow.com,301-731-6150,8/21/2020,YES
,Felita,Sandie,Gerckens,sgerckenspn@tinyurl.com,696-735-1205,11/11/2020,YES
,Averil,Patience,Indge,pindgepo@list-manage.com,766-690-9692,3/27/2021,YES
,Dewie,Clem,Toulamain,ctoulamainpp@privacy.gov.au,726-617-9662,6/14/2020,NO
,Valera,Dana,Menzies,dmenziespq@webnode.com,686-216-7470,6/22/2020,YES
,Misti,Jada,Conws,jconwspr@cdbaby.com,527-865-8954,11/19/2020,NO
,Giselle,Dorisa,Hucklesby,dhucklesbyps@msn.com,820-392-4969,07/09/2020,NO
,Ferdie,Rubie,O'Neill,roneillpt@about.com,109-544-1736,11/26/2020,NO
,Gifford,Kienan,Aizikovich,kaizikovichpu@opensource.org,371-813-9896,04/10/2020,NO
,Tobie,Octavia,Inchcomb,oinchcombpv@vkontakte.ru,349-325-5632,6/17/2020,YES
,Basilio,Tierney,Ditty,tdittypw@google.ca,839-200-3056,11/16/2020,NO
,Caddric,Horatius,Straniero,hstranieropx@exblog.jp,120-895-5378,09/04/2020,YES
,Madelene,Tommi,Milson,tmilsonpy@shareasale.com,818-760-9496,1/14/2021,NO
,Humbert,Rene,Kreber,rkreberpz@xrea.com,327-405-1773,09/10/2020,YES
,Tillie,Brock,Schlagman,bschlagmanq0@cdc.gov,147-597-0774,3/25/2021,NO
,Milli,Daron,Montilla,dmontillaq1@dyndns.org,964-664-2392,2/23/2021,YES
,Ogdon,Shaina,Carme,scarmeq2@webnode.com,657-730-4031,11/18/2020,YES
,Kassie,Brucie,Skelington,bskelingtonq3@jimdo.com,461-879-6385,10/27/2020,NO
,Bary,Valencia,Willcocks,vwillcocksq4@google.de,684-407-6378,6/22/2020,YES
,Cathlene,Eden,Pedrozzi,epedrozziq5@alibaba.com,248-378-6154,07/06/2020,YES
,Price,Anabelle,Lathaye,alathayeq6@usnews.com,459-109-1267,02/04/2021,YES
,Albertine,Mareah,Beresford,mberesfordq7@nih.gov,894-600-2488,06/02/2020,YES
,Gabi,Ginevra,Maleck,gmaleckq8@upenn.edu,133-667-2007,03/12/2021,NO
,Hector,Barris,Cavill,bcavillq9@ezinearticles.com,995-523-0849,7/16/2020,YES
,Berri,Jefferson,Danaher,jdanaherqa@who.int,991-416-0732,06/08/2020,YES
,Dew,Jobey,Mansuer,jmansuerqb@sourceforge.net,737-345-7220,01/06/2021,NO
,Ive,Rudolfo,Guitton,rguittonqc@google.co.jp,145-195-0349,4/14/2020,NO
,Kristoffer,Farrah,Matthieson,fmatthiesonqd@wired.com,247-656-2850,09/07/2020,YES
,Anton,Ashlie,Leaves,aleavesqe@typepad.com,636-406-2419,04/03/2020,NO
,Brandtr,Darryl,Rothwell,drothwellqf@arizona.edu,322-558-9441,08/01/2020,YES
,Benjamin,Tori,Dudderidge,tdudderidgeqg@disqus.com,239-734-0638,7/26/2020,NO
,Urbain,Luciana,Lathom,llathomqh@squarespace.com,265-339-8399,12/03/2020,NO
,Toddy,Allen,Issacson,aissacsonqi@bbb.org,646-997-4404,6/22/2020,YES
,Maud,Fulvia,Neill,fneillqj@last.fm,719-836-4098,5/27/2020,NO
,Marylinda,Marcy,Courtese,mcourteseqk@google.pl,735-788-4405,09/09/2020,YES
,Moyra,Brien,Corradino,bcorradinoql@eventbrite.com,898-492-8616,8/15/2020,YES
,Vernon,Edgardo,Osborne,eosborneqm@elegantthemes.com,387-271-0056,01/03/2021,YES
,Kathrine,Pippa,Gores,pgoresqn@gnu.org,360-684-9208,5/13/2020,NO
,Allard,Niels,MacAlpin,nmacalpinqo@google.co.jp,333-683-3936,4/13/2020,YES
,Poppy,Myra,Connors,mconnorsqp@usnews.com,167-301-0389,8/28/2020,YES
,Cacilie,Josy,Kerton,jkertonqq@upenn.edu,756-690-1715,02/12/2021,YES
,Hildagarde,Rosabella,Beentjes,rbeentjesqr@about.me,106-125-8572,3/17/2021,YES
,Dedra,Farr,Culp,fculpqs@free.fr,166-774-5400,10/18/2020,NO
,Nickey,Cele,Saylor,csaylorqt@mashable.com,500-468-9877,4/21/2020,YES
,Skipp,Shaylynn,Wyburn,swyburnqu@adobe.com,300-937-2191,1/29/2021,NO
,Nadeen,Aron,de Bullion,adebullionqv@exblog.jp,672-392-3067,10/23/2020,YES
,Cleo,Kamila,Pardal,kpardalqw@mysql.com,676-244-2716,12/26/2020,NO
,Binnie,Justinn,Perree,jperreeqx@bbb.org,190-868-1192,4/17/2020,YES
,Sarena,Kingston,Graveney,kgraveneyqy@webs.com,203-973-6620,11/30/2020,NO
,Philbert,Brandais,Wellbank,bwellbankqz@latimes.com,541-960-2716,2/28/2021,NO
,Beitris,Dorella,Pothergill,dpothergillr0@live.com,660-759-4891,04/04/2020,YES
,Grange,Pedro,Hehl,phehlr1@ehow.com,476-167-0704,10/23/2020,NO
,Robbert,Frederik,Sybry,fsybryr2@taobao.com,656-871-0405,2/28/2021,NO
,Addy,Gav,Lasseter,glasseterr3@mozilla.com,111-347-5037,5/17/2020,YES
,Vicki,Timmie,Murdie,tmurdier4@redcross.org,467-177-8685,9/26/2020,NO
,Ulises,Kimberly,Pacheco,kpachecor5@dailymail.co.uk,190-729-2851,3/17/2021,NO
,Stephan,Gwendolin,Girsch,ggirschr6@indiegogo.com,621-910-6079,11/26/2020,YES
,Carilyn,Cass,Jindrak,cjindrakr7@google.co.uk,585-797-2653,05/02/2020,NO
,Maryanne,Vladamir,Paddock,vpaddockr8@un.org,737-400-0989,3/19/2021,YES
,Crichton,Violetta,Daton,vdatonr9@skyrock.com,449-822-6298,08/12/2020,NO
,Bernard,Elianore,Luckwell,eluckwellra@spiegel.de,659-769-6792,05/12/2020,NO
,Worden,Valaria,Stansby,vstansbyrb@behance.net,949-166-5751,10/24/2020,YES
,Cristen,Lexine,Zohrer,lzohrerrc@exblog.jp,542-330-9309,09/02/2020,YES
,Norean,Levi,Oxburgh,loxburghrd@google.nl,690-527-4649,04/11/2020,NO
,Hana,Jaime,Iwaszkiewicz,jiwaszkiewiczre@go.com,867-303-2505,4/29/2020,NO
,Jada,Gerard,Farfalameev,gfarfalameevrf@feedburner.com,798-533-0060,7/20/2020,NO
,Vassily,Julissa,Vondruska,jvondruskarg@sciencedaily.com,518-703-2353,02/08/2021,YES
,Camilla,Rhea,Urquhart,rurquhartrh@wsj.com,646-776-0575,6/27/2020,YES
,Ad,Bee,Rivenzon,brivenzonri@slate.com,793-835-0628,9/28/2020,YES
,Leonerd,Kimberlyn,Chessman,kchessmanrj@kickstarter.com,647-324-2661,12/02/2020,YES
,Kaleb,Sander,Vicar,svicarrk@t-online.de,272-757-1136,4/13/2020,NO
,Alexandre,Nevil,Merry,nmerryrl@hp.com,376-570-7906,11/23/2020,NO
,Karine,Shae,Reolfo,sreolform@tmall.com,290-345-2953,3/30/2020,NO
,Willie,Tabbie,Hawsby,thawsbyrn@sbwire.com,206-856-6928,7/13/2020,YES
,Connie,Ragnar,Bein,rbeinro@yahoo.co.jp,402-682-3829,5/31/2020,YES
,Dannye,Arlina,Eatherton,aeathertonrp@adobe.com,639-790-7129,12/26/2020,NO
,Erinna,Eve,Girodier,egirodierrq@java.com,549-629-0243,08/02/2020,YES
,Des,Betta,Buckland,bbucklandrr@opera.com,808-473-0474,08/06/2020,YES
